function_name,execution_time,memory_used_mb,memory_peak_mb,timestamp
walk_forward_analysis,86.61681985855103,27.01171875,152.16796875,2025-07-27 08:19:29.140552
pair_selection,2.2966527938842773,19.08984375,144.29296875,2025-07-27 08:18:04.820819
pair_selection,2.0244386196136475,0.77734375,146.14453125,2025-07-27 08:18:07.878120
pair_selection,1.904604196548462,0.19140625,146.79296875,2025-07-27 08:18:11.242036
pair_selection,1.8011343479156494,0.0234375,146.90625,2025-07-27 08:18:13.726267
pair_selection,2.047065496444702,0.08984375,147.0859375,2025-07-27 08:18:16.235265
pair_selection,1.7685303688049316,0.0234375,147.33203125,2025-07-27 08:18:18.577691
pair_selection,2.3069629669189453,0.171875,147.6640625,2025-07-27 08:18:21.746262
pair_selection,1.8433101177215576,0.4765625,148.42578125,2025-07-27 08:18:24.329423
pair_selection,1.8115904331207275,0.0234375,148.60546875,2025-07-27 08:18:26.469081
pair_selection,2.539558172225952,0.140625,148.7734375,2025-07-27 08:18:29.458320
pair_selection,2.457355260848999,0.08984375,148.90234375,2025-07-27 08:18:32.394458
pair_selection,2.6600470542907715,0.03515625,148.96875,2025-07-27 08:18:35.544520
pair_selection,2.182898998260498,0.0234375,149.19140625,2025-07-27 08:18:38.498661
pair_selection,2.2683041095733643,0.203125,149.42578125,2025-07-27 08:18:41.597266
pair_selection,2.038930892944336,0.01171875,149.44921875,2025-07-27 08:18:43.842888
pair_selection,2.02705717086792,0.0234375,149.50390625,2025-07-27 08:18:46.281456
pair_selection,1.8078083992004395,0.0234375,149.546875,2025-07-27 08:18:48.299739
pair_selection,1.847050666809082,0.01953125,149.6484375,2025-07-27 08:18:50.423165
pair_selection,1.9711012840270996,0.01953125,149.890625,2025-07-27 08:18:52.949617
pair_selection,2.330531120300293,0.0234375,149.97265625,2025-07-27 08:18:55.960686
pair_selection,2.032244920730591,0.03125,150.0625,2025-07-27 08:18:58.504369
pair_selection,2.057393789291382,-0.0234375,150.31640625,2025-07-27 08:19:01.227180
pair_selection,2.040602207183838,0.01953125,150.33984375,2025-07-27 08:19:04.007060
pair_selection,1.8082468509674072,0.01953125,150.4140625,2025-07-27 08:19:06.208051
pair_selection,1.9225592613220215,0.0234375,150.58203125,2025-07-27 08:19:08.884157
pair_selection,2.0587706565856934,0.15234375,150.7578125,2025-07-27 08:19:11.340913
pair_selection,1.9225764274597168,0.01953125,150.80859375,2025-07-27 08:19:13.592721
pair_selection,1.901531457901001,0.0078125,150.90625,2025-07-27 08:19:15.835693
pair_selection,1.8562352657318115,0.06640625,151.21484375,2025-07-27 08:19:18.655447
pair_selection,2.3094322681427,0.015625,151.2578125,2025-07-27 08:19:21.613946
pair_selection,1.7026712894439697,0.27734375,151.5625,2025-07-27 08:19:23.860474
pair_selection,2.0810787677764893,0.01953125,151.625,2025-07-27 08:19:26.229973
pair_selection,1.9837307929992676,0.0234375,151.75390625,2025-07-27 08:19:28.465990
model_fitting,0.011037349700927734,0.20703125,144.578125,2025-07-27 08:18:04.979036
model_fitting,0.014605522155761719,0.05078125,144.8046875,2025-07-27 08:18:05.009537
model_fitting,0.015940427780151367,0.02734375,144.83203125,2025-07-27 08:18:05.038176
model_fitting,0.009270906448364258,0.00390625,144.8359375,2025-07-27 08:18:05.058658
model_fitting,0.013078689575195312,0.03515625,144.875,2025-07-27 08:18:05.084233
model_fitting,0.01247262954711914,0.04296875,144.91796875,2025-07-27 08:18:05.103584
model_fitting,0.01370549201965332,0.04296875,144.96484375,2025-07-27 08:18:05.125623
model_fitting,0.008614063262939453,0.03515625,145.00390625,2025-07-27 08:18:05.144998
model_fitting,0.008505821228027344,0.046875,145.05078125,2025-07-27 08:18:05.162058
model_fitting,0.009922981262207031,0.0,145.05078125,2025-07-27 08:18:05.182110
model_fitting,0.011297464370727539,0.00390625,145.05859375,2025-07-27 08:18:05.201528
model_fitting,0.013164281845092773,0.0,145.0625,2025-07-27 08:18:05.221589
model_fitting,0.013857364654541016,0.0078125,145.0703125,2025-07-27 08:18:05.243597
model_fitting,0.01214599609375,0.0078125,145.08203125,2025-07-27 08:18:05.267255
model_fitting,0.013822317123413086,0.00390625,145.0859375,2025-07-27 08:18:05.289170
model_fitting,0.009913444519042969,0.00390625,145.09375,2025-07-27 08:18:05.309063
model_fitting,0.008954524993896484,0.0,145.09375,2025-07-27 08:18:05.328817
model_fitting,0.01162576675415039,0.01953125,145.1171875,2025-07-27 08:18:05.350238
model_fitting,0.01328277587890625,0.03125,145.15234375,2025-07-27 08:18:05.370772
model_fitting,0.013476371765136719,0.0,145.15234375,2025-07-27 08:18:05.391486
model_fitting,0.009206056594848633,0.00390625,145.15625,2025-07-27 08:18:05.412214
model_fitting,0.012938976287841797,0.00390625,145.1640625,2025-07-27 08:18:05.436107
model_fitting,0.014805078506469727,0.015625,145.18359375,2025-07-27 08:18:05.458061
model_fitting,0.011966705322265625,0.0390625,145.22265625,2025-07-27 08:18:05.482889
model_fitting,0.012006998062133789,0.0,145.22265625,2025-07-27 08:18:05.502627
model_fitting,0.014116048812866211,0.00390625,145.2265625,2025-07-27 08:18:05.523805
model_fitting,0.009135723114013672,0.00390625,145.234375,2025-07-27 08:18:05.544384
model_fitting,0.011592626571655273,0.03515625,145.2734375,2025-07-27 08:18:05.565985
model_fitting,0.016515731811523438,0.03125,145.3046875,2025-07-27 08:18:05.590841
model_fitting,0.012213945388793945,0.0,145.3046875,2025-07-27 08:18:05.617184
model_fitting,0.01297450065612793,0.0,145.30859375,2025-07-27 08:18:05.637321
model_fitting,0.012987852096557617,0.0078125,145.31640625,2025-07-27 08:18:05.657385
model_fitting,0.009472131729125977,0.00390625,145.32421875,2025-07-27 08:18:05.679401
model_fitting,0.013430118560791016,0.0,145.328125,2025-07-27 08:18:05.703658
model_fitting,0.012615442276000977,0.0,145.328125,2025-07-27 08:18:05.722955
model_fitting,0.010923624038696289,0.00390625,145.33203125,2025-07-27 08:18:05.744408
model_fitting,0.013392448425292969,0.0078125,145.34375,2025-07-27 08:18:05.770357
model_fitting,0.010458946228027344,0.01171875,145.359375,2025-07-27 08:18:05.793209
model_fitting,0.013103723526000977,0.00390625,145.36328125,2025-07-27 08:18:05.817680
model_fitting,0.015278339385986328,0.0,145.36328125,2025-07-27 08:18:05.840837
model_fitting,0.009246587753295898,0.00390625,146.15234375,2025-07-27 08:18:08.014277
model_fitting,0.02125859260559082,0.00390625,146.16015625,2025-07-27 08:18:08.046668
model_fitting,0.01412200927734375,0.00390625,146.1640625,2025-07-27 08:18:08.073244
model_fitting,0.008927106857299805,0.0,146.16796875,2025-07-27 08:18:08.093946
model_fitting,0.010415077209472656,0.01953125,146.1875,2025-07-27 08:18:08.114421
model_fitting,0.021934986114501953,0.03125,146.22265625,2025-07-27 08:18:08.152848
model_fitting,0.021961212158203125,0.01171875,146.23828125,2025-07-27 08:18:08.188415
model_fitting,0.014481782913208008,0.0,146.23828125,2025-07-27 08:18:08.219876
model_fitting,0.016254901885986328,0.0078125,146.24609375,2025-07-27 08:18:08.242748
model_fitting,0.021856307983398438,0.0,146.25,2025-07-27 08:18:08.277990
model_fitting,0.021016597747802734,0.0078125,146.26171875,2025-07-27 08:18:08.314087
model_fitting,0.024010181427001953,0.04296875,146.3046875,2025-07-27 08:18:08.358263
model_fitting,0.01867389678955078,0.00390625,146.30859375,2025-07-27 08:18:08.392945
model_fitting,0.019538402557373047,0.0,146.31640625,2025-07-27 08:18:08.427518
model_fitting,0.01743340492248535,0.0078125,146.328125,2025-07-27 08:18:08.460027
model_fitting,0.014090299606323242,0.015625,146.34375,2025-07-27 08:18:08.487603
model_fitting,0.01337742805480957,0.0390625,146.38671875,2025-07-27 08:18:08.508589
model_fitting,0.010607719421386719,0.00390625,146.390625,2025-07-27 08:18:08.531723
model_fitting,0.011580228805541992,0.0,146.39453125,2025-07-27 08:18:08.555777
model_fitting,0.01705312728881836,0.00390625,146.40234375,2025-07-27 08:18:08.581054
model_fitting,0.01399850845336914,0.02734375,146.4296875,2025-07-27 08:18:08.606415
model_fitting,0.010092020034790039,0.03125,146.46484375,2025-07-27 08:18:08.629012
model_fitting,0.010048389434814453,0.04296875,146.51171875,2025-07-27 08:18:08.649292
model_fitting,0.011302471160888672,0.0,146.515625,2025-07-27 08:18:08.670780
model_fitting,0.016301870346069336,0.0,146.515625,2025-07-27 08:18:08.694144
model_fitting,0.013382911682128906,0.0,146.51953125,2025-07-27 08:18:08.717651
model_fitting,0.01916980743408203,0.00390625,146.5234375,2025-07-27 08:18:08.747918
model_fitting,0.02409505844116211,0.00390625,146.53125,2025-07-27 08:18:08.787653
model_fitting,0.01275181770324707,0.0,146.53515625,2025-07-27 08:18:08.815858
model_fitting,0.022874116897583008,0.0,146.53515625,2025-07-27 08:18:08.861119
model_fitting,0.02171802520751953,0.00390625,146.5390625,2025-07-27 08:18:08.896100
model_fitting,0.01610088348388672,0.00390625,146.546875,2025-07-27 08:18:08.927701
model_fitting,0.005793094635009766,0.0,146.546875,2025-07-27 08:18:08.944390
model_fitting,0.0269167423248291,0.0078125,146.5546875,2025-07-27 08:18:08.971982
model_fitting,0.019328594207763672,0.0,146.55859375,2025-07-27 08:18:09.007784
model_fitting,0.021936655044555664,0.0,146.55859375,2025-07-27 08:18:09.044702
model_fitting,0.017453670501708984,0.00390625,146.56640625,2025-07-27 08:18:09.072521
model_fitting,0.010580301284790039,0.0078125,146.57421875,2025-07-27 08:18:09.092110
model_fitting,0.01581406593322754,0.01953125,146.59375,2025-07-27 08:18:09.120924
model_fitting,0.02107834815979004,0.0,146.59375,2025-07-27 08:18:09.160725
model_fitting,0.05808877944946289,0.00390625,146.59765625,2025-07-27 08:18:09.234410
model_fitting,0.02124786376953125,0.0,146.6015625,2025-07-27 08:18:09.330101
model_fitting,0.009989023208618164,0.0,146.79296875,2025-07-27 08:18:11.350114
model_fitting,0.010208606719970703,0.0,146.796875,2025-07-27 08:18:11.373848
model_fitting,0.009781837463378906,0.0,146.796875,2025-07-27 08:18:11.396858
model_fitting,0.010953187942504883,0.01171875,146.80859375,2025-07-27 08:18:11.415669
model_fitting,0.014902830123901367,0.02734375,146.8359375,2025-07-27 08:18:11.440334
model_fitting,0.009968042373657227,0.0,146.8359375,2025-07-27 08:18:11.458437
model_fitting,0.009646177291870117,0.0,146.8359375,2025-07-27 08:18:11.480117
model_fitting,0.01246500015258789,0.0,146.83984375,2025-07-27 08:18:11.501235
model_fitting,0.013761520385742188,0.0,146.83984375,2025-07-27 08:18:11.522223
model_fitting,0.06878399848937988,0.0,146.84375,2025-07-27 08:18:11.603198
model_fitting,0.011595010757446289,0.0,146.84375,2025-07-27 08:18:11.624710
model_fitting,0.01921248435974121,0.0,146.84765625,2025-07-27 08:18:11.658903
model_fitting,0.011947154998779297,0.0,146.84765625,2025-07-27 08:18:11.684694
model_fitting,0.013948678970336914,0.0,146.84765625,2025-07-27 08:18:11.705922
model_fitting,0.010893106460571289,0.0,146.84765625,2025-07-27 08:18:11.725647
model_fitting,0.013826847076416016,0.0,146.8515625,2025-07-27 08:18:11.752432
model_fitting,0.013284921646118164,0.0,146.8515625,2025-07-27 08:18:11.772651
model_fitting,0.010289669036865234,0.0,146.85546875,2025-07-27 08:18:11.791331
model_fitting,0.010213613510131836,0.0,146.85546875,2025-07-27 08:18:11.813207
model_fitting,0.010866403579711914,0.00390625,146.86328125,2025-07-27 08:18:11.832624
model_fitting,0.012015104293823242,0.0,146.86328125,2025-07-27 08:18:11.853771
model_fitting,0.011824369430541992,0.0,146.8671875,2025-07-27 08:18:11.873599
model_fitting,0.012407064437866211,0.00390625,146.87109375,2025-07-27 08:18:11.895893
model_fitting,0.012099504470825195,0.0078125,146.8828125,2025-07-27 08:18:11.917619
model_fitting,0.008381843566894531,0.0,146.90625,2025-07-27 08:18:13.804054
model_fitting,0.01296234130859375,0.0,146.91015625,2025-07-27 08:18:13.825259
model_fitting,0.01337432861328125,0.0,146.9140625,2025-07-27 08:18:13.850867
model_fitting,0.012830495834350586,0.0,146.9140625,2025-07-27 08:18:13.870883
model_fitting,0.012652873992919922,0.0,146.9140625,2025-07-27 08:18:13.890640
model_fitting,0.008102893829345703,0.00390625,146.91796875,2025-07-27 08:18:13.910079
model_fitting,0.009350061416625977,0.0,146.91796875,2025-07-27 08:18:13.929881
model_fitting,0.011858940124511719,0.0,146.91796875,2025-07-27 08:18:13.951291
model_fitting,0.012180089950561523,0.01171875,146.9296875,2025-07-27 08:18:13.969879
model_fitting,0.013217926025390625,0.0,146.93359375,2025-07-27 08:18:13.990403
model_fitting,0.009624004364013672,0.0,146.93359375,2025-07-27 08:18:14.010958
model_fitting,0.010456085205078125,0.0,146.93359375,2025-07-27 08:18:14.031590
model_fitting,0.013189554214477539,0.0,146.93359375,2025-07-27 08:18:14.053529
model_fitting,0.013726234436035156,0.0,146.9375,2025-07-27 08:18:14.073574
model_fitting,0.010961055755615234,0.0,146.9453125,2025-07-27 08:18:14.094887
model_fitting,0.013234853744506836,0.00390625,146.94921875,2025-07-27 08:18:14.121144
model_fitting,0.011066198348999023,0.0,146.94921875,2025-07-27 08:18:14.140024
model_fitting,0.009468555450439453,0.0078125,146.9609375,2025-07-27 08:18:14.160740
model_fitting,0.008846044540405273,0.02734375,146.9921875,2025-07-27 08:18:14.179062
model_fitting,0.007490634918212891,0.0,147.0859375,2025-07-27 08:18:16.342632
model_fitting,0.01129913330078125,0.0,147.0859375,2025-07-27 08:18:16.365168
model_fitting,0.014063835144042969,0.0,147.0859375,2025-07-27 08:18:16.388079
model_fitting,0.01117706298828125,0.0,147.0859375,2025-07-27 08:18:16.410350
model_fitting,0.010112524032592773,0.0,147.0859375,2025-07-27 08:18:16.430999
model_fitting,0.012745380401611328,0.0,147.0859375,2025-07-27 08:18:16.453712
model_fitting,0.012631893157958984,0.0234375,147.109375,2025-07-27 08:18:16.475813
model_fitting,0.013128519058227539,0.0234375,147.1328125,2025-07-27 08:18:16.500320
model_fitting,0.012419939041137695,0.03515625,147.171875,2025-07-27 08:18:16.522829
model_fitting,0.009164810180664062,0.0,147.17578125,2025-07-27 08:18:16.542943
model_fitting,0.009042501449584961,0.0,147.17578125,2025-07-27 08:18:16.563687
model_fitting,0.014025688171386719,0.00390625,147.18359375,2025-07-27 08:18:16.587609
model_fitting,0.011115550994873047,0.015625,147.19921875,2025-07-27 08:18:16.607625
model_fitting,0.010624885559082031,0.03125,147.234375,2025-07-27 08:18:16.630275
model_fitting,0.012572050094604492,0.0,147.234375,2025-07-27 08:18:16.653170
model_fitting,0.012711048126220703,0.0,147.234375,2025-07-27 08:18:16.674957
model_fitting,0.012367725372314453,0.00390625,147.2421875,2025-07-27 08:18:16.699738
model_fitting,0.015026569366455078,0.01953125,147.265625,2025-07-27 08:18:16.724499
model_fitting,0.0187380313873291,0.03515625,147.30859375,2025-07-27 08:18:16.761728
model_fitting,0.0054934024810791016,0.0,147.30859375,2025-07-27 08:18:16.781379
model_fitting,0.015795469284057617,0.0,147.30859375,2025-07-27 08:18:16.799254
model_fitting,0.008245229721069336,0.0,147.33203125,2025-07-27 08:18:18.694631
model_fitting,0.013229608535766602,0.0,147.3359375,2025-07-27 08:18:18.719141
model_fitting,0.013018608093261719,0.0,147.3359375,2025-07-27 08:18:18.739306
model_fitting,0.012038707733154297,0.00390625,147.34375,2025-07-27 08:18:18.765312
model_fitting,0.013323783874511719,0.0,147.34375,2025-07-27 08:18:18.787869
model_fitting,0.009443283081054688,0.00390625,147.3515625,2025-07-27 08:18:18.807348
model_fitting,0.009880542755126953,0.0,147.3515625,2025-07-27 08:18:18.828280
model_fitting,0.009607791900634766,0.0,147.3515625,2025-07-27 08:18:18.846958
model_fitting,0.012651920318603516,0.0,147.35546875,2025-07-27 08:18:18.871581
model_fitting,0.010704994201660156,0.0,147.35546875,2025-07-27 08:18:18.895520
model_fitting,0.01553964614868164,0.0,147.35546875,2025-07-27 08:18:18.922487
model_fitting,0.010833978652954102,0.00390625,147.36328125,2025-07-27 08:18:18.944581
model_fitting,0.014773130416870117,0.0,147.3671875,2025-07-27 08:18:18.969525
model_fitting,0.012939214706420898,0.0078125,147.375,2025-07-27 08:18:18.988623
model_fitting,0.014104366302490234,0.0,147.375,2025-07-27 08:18:19.009714
model_fitting,0.026303529739379883,0.0,147.37890625,2025-07-27 08:18:19.051195
model_fitting,0.028970956802368164,0.00390625,147.38671875,2025-07-27 08:18:19.094771
model_fitting,0.022128820419311523,0.0078125,147.39453125,2025-07-27 08:18:19.132209
model_fitting,0.023260116577148438,0.01171875,147.41015625,2025-07-27 08:18:19.175400
model_fitting,0.024148225784301758,0.0,147.41015625,2025-07-27 08:18:19.218480
model_fitting,0.014198064804077148,0.0,147.41015625,2025-07-27 08:18:19.246770
model_fitting,0.019948482513427734,0.0078125,147.421875,2025-07-27 08:18:19.277894
model_fitting,0.023384571075439453,0.015625,147.44140625,2025-07-27 08:18:19.317484
model_fitting,0.029243946075439453,0.03125,147.4765625,2025-07-27 08:18:19.365988
model_fitting,0.023939132690429688,0.0,147.48046875,2025-07-27 08:18:19.405263
model_fitting,0.010347604751586914,0.0078125,147.4921875,2025-07-27 08:18:19.429041
model_fitting,0.021983623504638672,0.00390625,147.66796875,2025-07-27 08:18:21.930170
model_fitting,0.015530586242675781,0.015625,147.6875,2025-07-27 08:18:21.958372
model_fitting,0.01453542709350586,0.0390625,147.73046875,2025-07-27 08:18:21.983149
model_fitting,0.012648582458496094,0.0,147.73046875,2025-07-27 08:18:22.003171
model_fitting,0.02076125144958496,0.0,147.73046875,2025-07-27 08:18:22.032907
model_fitting,0.03625965118408203,0.0,147.734375,2025-07-27 08:18:22.104477
model_fitting,0.009813547134399414,0.01171875,147.75,2025-07-27 08:18:22.131254
model_fitting,0.011156558990478516,0.04296875,147.79296875,2025-07-27 08:18:22.148889
model_fitting,0.01224970817565918,0.00390625,147.796875,2025-07-27 08:18:22.166686
model_fitting,0.006056070327758789,0.0,147.80078125,2025-07-27 08:18:22.179764
model_fitting,0.014130592346191406,0.0,147.80078125,2025-07-27 08:18:22.194315
model_fitting,0.015389442443847656,0.0,147.8046875,2025-07-27 08:18:22.222350
model_fitting,0.014761924743652344,0.01953125,147.82421875,2025-07-27 08:18:22.250847
model_fitting,0.026485919952392578,0.03515625,147.86328125,2025-07-27 08:18:22.292922
model_fitting,0.021207094192504883,0.0,147.86328125,2025-07-27 08:18:22.332111
model_fitting,0.017726898193359375,0.0,147.8671875,2025-07-27 08:18:22.371438
model_fitting,0.018709659576416016,0.0078125,147.875,2025-07-27 08:18:22.405443
model_fitting,0.008590459823608398,0.03125,147.91015625,2025-07-27 08:18:22.426761
model_fitting,0.011209249496459961,0.03515625,147.94921875,2025-07-27 08:18:22.447016
model_fitting,0.004605293273925781,0.0,147.94921875,2025-07-27 08:18:22.460576
model_fitting,0.006163597106933594,0.0,147.94921875,2025-07-27 08:18:22.467226
model_fitting,0.00845956802368164,0.0,147.94921875,2025-07-27 08:18:22.476314
model_fitting,0.007453441619873047,0.0,148.42578125,2025-07-27 08:18:24.415891
model_fitting,0.008131980895996094,0.0,148.42578125,2025-07-27 08:18:24.438934
model_fitting,0.003293752670288086,0.0,148.42578125,2025-07-27 08:18:24.454940
model_fitting,0.012238025665283203,0.01953125,148.4453125,2025-07-27 08:18:24.467503
model_fitting,0.007612705230712891,0.00390625,148.44921875,2025-07-27 08:18:24.484372
model_fitting,0.0028476715087890625,0.00390625,148.453125,2025-07-27 08:18:24.487581
model_fitting,0.002522706985473633,0.0,148.453125,2025-07-27 08:18:24.490317
model_fitting,0.006109714508056641,0.0,148.453125,2025-07-27 08:18:24.496720
model_fitting,0.010959625244140625,0.01171875,148.46484375,2025-07-27 08:18:24.507970
model_fitting,0.009776592254638672,0.0,148.46484375,2025-07-27 08:18:24.529048
model_fitting,0.014904499053955078,0.00390625,148.46875,2025-07-27 08:18:24.552823
model_fitting,0.010309934616088867,0.00390625,148.4765625,2025-07-27 08:18:24.572310
model_fitting,0.00951075553894043,0.03515625,148.51171875,2025-07-27 08:18:24.592850
model_fitting,0.0102386474609375,0.04296875,148.5546875,2025-07-27 08:18:24.612012
model_fitting,0.01137995719909668,0.0234375,148.58203125,2025-07-27 08:18:24.632790
model_fitting,0.012256383895874023,0.0,148.58203125,2025-07-27 08:18:24.651257
model_fitting,0.0033533573150634766,0.0,148.60546875,2025-07-27 08:18:26.545872
model_fitting,0.017887115478515625,0.0,148.60546875,2025-07-27 08:18:26.564347
model_fitting,0.016577959060668945,0.0,148.609375,2025-07-27 08:18:26.595898
model_fitting,0.015369653701782227,0.0,148.609375,2025-07-27 08:18:26.624828
model_fitting,0.011631965637207031,0.01171875,148.625,2025-07-27 08:18:26.648362
model_fitting,0.012864112854003906,0.0,148.625,2025-07-27 08:18:26.669257
model_fitting,0.013755083084106445,0.0,148.625,2025-07-27 08:18:26.690793
model_fitting,0.02126622200012207,0.0,148.625,2025-07-27 08:18:26.731389
model_fitting,0.009167909622192383,0.0,148.625,2025-07-27 08:18:26.750700
model_fitting,0.013862848281860352,0.0,148.625,2025-07-27 08:18:26.776748
model_fitting,0.012522697448730469,0.0,148.625,2025-07-27 08:18:26.798693
model_fitting,0.018444061279296875,0.0,148.625,2025-07-27 08:18:26.829762
model_fitting,0.008928775787353516,0.0,148.625,2025-07-27 08:18:26.848633
model_fitting,0.01336979866027832,0.0,148.625,2025-07-27 08:18:26.862462
model_fitting,0.002767324447631836,0.0,148.62890625,2025-07-27 08:18:26.873824
model_fitting,0.012922525405883789,0.0,148.62890625,2025-07-27 08:18:26.886993
model_fitting,0.01080775260925293,0.0,148.62890625,2025-07-27 08:18:26.906585
model_fitting,0.011130571365356445,0.0,148.7734375,2025-07-27 08:18:29.595718
model_fitting,0.014496564865112305,0.0,148.7734375,2025-07-27 08:18:29.622564
model_fitting,0.008367300033569336,0.0,148.7734375,2025-07-27 08:18:29.641988
model_fitting,0.008897542953491211,0.0,148.7734375,2025-07-27 08:18:29.660291
model_fitting,0.011889934539794922,0.0,148.7734375,2025-07-27 08:18:29.680739
model_fitting,0.011801958084106445,0.0,148.7734375,2025-07-27 08:18:29.700556
model_fitting,0.012252330780029297,0.0,148.7734375,2025-07-27 08:18:29.718878
model_fitting,0.010986566543579102,0.00390625,148.78125,2025-07-27 08:18:29.738029
model_fitting,0.009168863296508789,0.0,148.78515625,2025-07-27 08:18:29.758322
model_fitting,0.008068561553955078,0.0,148.78515625,2025-07-27 08:18:29.776139
model_fitting,0.008769512176513672,0.00390625,148.7890625,2025-07-27 08:18:29.794780
model_fitting,0.014372587203979492,0.00390625,148.79296875,2025-07-27 08:18:29.818745
model_fitting,0.013365745544433594,0.0,148.79296875,2025-07-27 08:18:29.838883
model_fitting,0.009555339813232422,0.00390625,148.80078125,2025-07-27 08:18:29.861178
model_fitting,0.01427149772644043,0.00390625,148.8046875,2025-07-27 08:18:29.885471
model_fitting,0.01262521743774414,0.0,148.80859375,2025-07-27 08:18:29.906271
model_fitting,0.009602069854736328,0.0,148.8125,2025-07-27 08:18:29.927874
model_fitting,0.013222455978393555,0.0,148.90234375,2025-07-27 08:18:32.509093
model_fitting,0.00935506820678711,0.0,148.90234375,2025-07-27 08:18:32.530698
model_fitting,0.011502504348754883,0.00390625,148.90625,2025-07-27 08:18:32.551831
model_fitting,0.014790773391723633,0.0,148.91015625,2025-07-27 08:18:32.575852
model_fitting,0.0105438232421875,0.0,148.91015625,2025-07-27 08:18:32.597075
model_fitting,0.010725259780883789,0.0,148.91015625,2025-07-27 08:18:32.617897
model_fitting,0.01586151123046875,0.0,148.9140625,2025-07-27 08:18:32.643850
model_fitting,0.003963470458984375,0.0,148.91796875,2025-07-27 08:18:32.658628
model_fitting,0.003305196762084961,0.0,148.91796875,2025-07-27 08:18:32.662365
model_fitting,0.015504121780395508,0.0,148.91796875,2025-07-27 08:18:32.678225
model_fitting,0.004480600357055664,0.0,148.91796875,2025-07-27 08:18:32.695160
model_fitting,0.019033432006835938,0.0078125,148.92578125,2025-07-27 08:18:32.714763
model_fitting,0.016971826553344727,0.0,148.92578125,2025-07-27 08:18:32.743454
model_fitting,0.007407426834106445,0.0,148.92578125,2025-07-27 08:18:32.765274
model_fitting,0.017418861389160156,0.0,148.92578125,2025-07-27 08:18:32.783200
model_fitting,0.016948699951171875,0.0,148.9296875,2025-07-27 08:18:32.815914
model_fitting,0.019449234008789062,0.0,148.9296875,2025-07-27 08:18:32.852614
model_fitting,0.014184713363647461,0.0,148.93359375,2025-07-27 08:18:32.878542
model_fitting,0.002990245819091797,0.0,148.96875,2025-07-27 08:18:35.688202
model_fitting,0.006348133087158203,0.0,148.96875,2025-07-27 08:18:35.694855
model_fitting,0.0030558109283447266,0.0,148.96875,2025-07-27 08:18:35.698439
model_fitting,0.0027425289154052734,0.0,148.96875,2025-07-27 08:18:35.701556
model_fitting,0.0033309459686279297,0.0,148.96875,2025-07-27 08:18:35.705190
model_fitting,0.005309104919433594,0.0,148.96875,2025-07-27 08:18:35.710922
model_fitting,0.008727312088012695,0.0,148.96875,2025-07-27 08:18:35.720016
model_fitting,0.01380157470703125,0.0,148.96875,2025-07-27 08:18:35.734068
model_fitting,0.011311054229736328,0.0,148.96875,2025-07-27 08:18:35.753766
model_fitting,0.008638620376586914,0.0,148.96875,2025-07-27 08:18:35.774215
model_fitting,0.0031156539916992188,0.0,148.96875,2025-07-27 08:18:35.787931
model_fitting,0.011446714401245117,0.00390625,148.97265625,2025-07-27 08:18:35.799781
model_fitting,0.004746198654174805,0.0,148.97265625,2025-07-27 08:18:35.811176
model_fitting,0.016965866088867188,0.01953125,148.9921875,2025-07-27 08:18:35.828552
model_fitting,0.014021873474121094,0.00390625,149.0,2025-07-27 08:18:35.854621
model_fitting,0.008975744247436523,0.0,149.0,2025-07-27 08:18:35.874742
model_fitting,0.009955167770385742,0.0,149.0,2025-07-27 08:18:35.896079
model_fitting,0.011056900024414062,0.0,149.00390625,2025-07-27 08:18:35.918795
model_fitting,0.012885332107543945,0.00390625,149.0078125,2025-07-27 08:18:35.948267
model_fitting,0.01433420181274414,0.03515625,149.046875,2025-07-27 08:18:35.969389
model_fitting,0.00538325309753418,0.0,149.046875,2025-07-27 08:18:35.984307
model_fitting,0.010431766510009766,0.0,149.046875,2025-07-27 08:18:35.995359
model_fitting,0.013904333114624023,0.0,149.05078125,2025-07-27 08:18:36.018233
model_fitting,0.020663022994995117,0.0,149.05078125,2025-07-27 08:18:36.050387
model_fitting,0.016940832138061523,0.0,149.0546875,2025-07-27 08:18:36.085868
model_fitting,0.017481327056884766,0.0234375,149.08203125,2025-07-27 08:18:36.118532
model_fitting,0.013464927673339844,0.0,149.08203125,2025-07-27 08:18:36.145220
model_fitting,0.015715599060058594,0.00390625,149.0859375,2025-07-27 08:18:36.173262
model_fitting,0.006123781204223633,0.00390625,149.08984375,2025-07-27 08:18:36.195785
model_fitting,0.00671839714050293,0.0,149.08984375,2025-07-27 08:18:36.203832
model_fitting,0.004971027374267578,0.0,149.08984375,2025-07-27 08:18:36.209424
model_fitting,0.01738429069519043,0.00390625,149.09375,2025-07-27 08:18:36.227299
model_fitting,0.017794132232666016,0.01953125,149.1171875,2025-07-27 08:18:36.257758
model_fitting,0.015144109725952148,0.0390625,149.16015625,2025-07-27 08:18:36.284769
model_fitting,0.011126995086669922,0.0078125,149.16796875,2025-07-27 08:18:36.304585
model_fitting,0.021095991134643555,0.0,149.19140625,2025-07-27 08:18:38.671173
model_fitting,0.026734590530395508,0.0,149.19140625,2025-07-27 08:18:38.717159
model_fitting,0.014195442199707031,0.0,149.1953125,2025-07-27 08:18:38.746032
model_fitting,0.022093534469604492,0.0,149.1953125,2025-07-27 08:18:38.782410
model_fitting,0.016562938690185547,0.0,149.1953125,2025-07-27 08:18:38.817756
model_fitting,0.015655040740966797,0.0,149.1953125,2025-07-27 08:18:38.845010
model_fitting,0.024229764938354492,0.0,149.1953125,2025-07-27 08:18:38.890283
model_fitting,0.023126840591430664,0.0,149.1953125,2025-07-27 08:18:38.932769
model_fitting,0.024508953094482422,0.0,149.19921875,2025-07-27 08:18:38.976771
model_fitting,0.009309530258178711,0.0,149.19921875,2025-07-27 08:18:39.002719
model_fitting,0.028810977935791016,0.0,149.19921875,2025-07-27 08:18:39.032571
model_fitting,0.027684450149536133,0.0,149.203125,2025-07-27 08:18:39.078346
model_fitting,0.019579648971557617,0.0,149.203125,2025-07-27 08:18:39.115885
model_fitting,0.007405281066894531,0.0,149.203125,2025-07-27 08:18:39.135121
model_fitting,0.006689548492431641,0.0,149.203125,2025-07-27 08:18:39.142408
model_fitting,0.012346267700195312,0.0078125,149.2109375,2025-07-27 08:18:39.155177
model_fitting,0.013737916946411133,0.0,149.2109375,2025-07-27 08:18:39.180457
model_fitting,0.01924753189086914,0.0,149.2109375,2025-07-27 08:18:39.215321
model_fitting,0.017641782760620117,0.0,149.2109375,2025-07-27 08:18:39.243679
model_fitting,0.0075643062591552734,0.0,149.21484375,2025-07-27 08:18:39.267953
model_fitting,0.007817745208740234,0.0,149.21484375,2025-07-27 08:18:39.276349
model_fitting,0.007779836654663086,0.0,149.21484375,2025-07-27 08:18:39.284810
model_fitting,0.021647214889526367,0.0,149.21484375,2025-07-27 08:18:39.307170
model_fitting,0.006832122802734375,0.00390625,149.22265625,2025-07-27 08:18:39.328214
model_fitting,0.008886575698852539,0.0,149.42578125,2025-07-27 08:18:41.722209
model_fitting,0.007882356643676758,0.0,149.42578125,2025-07-27 08:18:41.742013
model_fitting,0.013979911804199219,0.0078125,149.43359375,2025-07-27 08:18:41.765713
model_fitting,0.005281686782836914,0.0,149.43359375,2025-07-27 08:18:41.779397
model_fitting,0.010951519012451172,0.0,149.43359375,2025-07-27 08:18:41.791478
model_fitting,0.010512590408325195,0.0,149.44921875,2025-07-27 08:18:43.952294
model_fitting,0.01570725440979004,0.00390625,149.453125,2025-07-27 08:18:43.977831
model_fitting,0.014107465744018555,0.0,149.45703125,2025-07-27 08:18:44.001164
model_fitting,0.014477252960205078,0.0,149.4609375,2025-07-27 08:18:44.024157
model_fitting,0.011942863464355469,0.0,149.4609375,2025-07-27 08:18:44.046666
model_fitting,0.00855708122253418,0.0,149.4609375,2025-07-27 08:18:44.063202
model_fitting,0.00439453125,0.0,149.4609375,2025-07-27 08:18:44.068154
model_fitting,0.003628969192504883,0.0,149.4609375,2025-07-27 08:18:44.072423
model_fitting,0.008085250854492188,0.0,149.4609375,2025-07-27 08:18:44.081350
model_fitting,0.015876293182373047,0.0,149.4609375,2025-07-27 08:18:44.097915
model_fitting,0.017490863800048828,0.0,149.4609375,2025-07-27 08:18:44.129448
model_fitting,0.022718429565429688,0.00390625,149.46484375,2025-07-27 08:18:44.163077
model_fitting,0.025415658950805664,0.01171875,149.4765625,2025-07-27 08:18:44.199570
model_fitting,0.02104043960571289,0.0,149.4765625,2025-07-27 08:18:44.236252
model_fitting,0.007798194885253906,0.0,149.50390625,2025-07-27 08:18:46.361962
model_fitting,0.012193918228149414,0.0,149.5078125,2025-07-27 08:18:46.387382
model_fitting,0.010842084884643555,0.0,149.5078125,2025-07-27 08:18:46.410475
model_fitting,0.004949331283569336,0.0,149.5078125,2025-07-27 08:18:46.425104
model_fitting,0.011984586715698242,0.01171875,149.51953125,2025-07-27 08:18:46.437719
model_fitting,0.011063337326049805,0.0,149.51953125,2025-07-27 08:18:46.462333
model_fitting,0.01272273063659668,0.0,149.51953125,2025-07-27 08:18:46.483071
model_fitting,0.00824737548828125,0.0,149.546875,2025-07-27 08:18:48.403052
model_fitting,0.015955686569213867,0.0078125,149.55859375,2025-07-27 08:18:48.430881
model_fitting,0.014890670776367188,0.01171875,149.5703125,2025-07-27 08:18:48.453353
model_fitting,0.012082815170288086,0.0,149.5703125,2025-07-27 08:18:48.479716
model_fitting,0.012950897216796875,0.0,149.57421875,2025-07-27 08:18:48.499596
model_fitting,0.0071756839752197266,0.0,149.57421875,2025-07-27 08:18:48.515304
model_fitting,0.009373664855957031,0.0,149.57421875,2025-07-27 08:18:48.525037
model_fitting,0.010968923568725586,0.0078125,149.5859375,2025-07-27 08:18:48.545587
model_fitting,0.013432979583740234,0.03125,149.625,2025-07-27 08:18:48.567024
model_fitting,0.008862018585205078,0.0,149.6484375,2025-07-27 08:18:50.534166
model_fitting,0.01791524887084961,0.0,149.65234375,2025-07-27 08:18:50.565359
model_fitting,0.017893075942993164,0.0,149.65625,2025-07-27 08:18:50.599399
model_fitting,0.008323431015014648,0.0078125,149.66796875,2025-07-27 08:18:50.622101
model_fitting,0.01566791534423828,0.02734375,149.703125,2025-07-27 08:18:50.650423
model_fitting,0.012475967407226562,0.0,149.703125,2025-07-27 08:18:50.676400
model_fitting,0.015659332275390625,0.0,149.70703125,2025-07-27 08:18:50.703897
model_fitting,0.01889348030090332,0.00390625,149.71484375,2025-07-27 08:18:50.736978
model_fitting,0.017394542694091797,0.03125,149.74609375,2025-07-27 08:18:50.767633
model_fitting,0.016061067581176758,0.04296875,149.79296875,2025-07-27 08:18:50.798433
model_fitting,0.011245489120483398,0.0,149.79296875,2025-07-27 08:18:50.819685
model_fitting,0.010588645935058594,0.0,149.796875,2025-07-27 08:18:50.842260
model_fitting,0.014324188232421875,0.0,149.796875,2025-07-27 08:18:50.866060
model_fitting,0.008308172225952148,0.01171875,149.8125,2025-07-27 08:18:50.887006
model_fitting,0.010381698608398438,0.04296875,149.85546875,2025-07-27 08:18:50.907952
model_fitting,0.0028324127197265625,0.00390625,149.86328125,2025-07-27 08:18:50.920207
model_fitting,0.014619827270507812,0.0078125,149.87109375,2025-07-27 08:18:50.935134
model_fitting,0.003500223159790039,0.0,149.87109375,2025-07-27 08:18:50.951263
model_fitting,0.015180349349975586,0.0,149.87109375,2025-07-27 08:18:50.967036
model_fitting,0.008233070373535156,0.0,149.890625,2025-07-27 08:18:53.127661
model_fitting,0.010902643203735352,0.0,149.890625,2025-07-27 08:18:53.152939
model_fitting,0.013790130615234375,0.0,149.89453125,2025-07-27 08:18:53.180184
model_fitting,0.012560129165649414,0.0,149.89453125,2025-07-27 08:18:53.199583
model_fitting,0.009007930755615234,0.0,149.89453125,2025-07-27 08:18:53.222387
model_fitting,0.012006759643554688,0.0,149.8984375,2025-07-27 08:18:53.246422
model_fitting,0.016089439392089844,0.0,149.8984375,2025-07-27 08:18:53.269721
model_fitting,0.019536972045898438,0.0,149.8984375,2025-07-27 08:18:53.303732
model_fitting,0.019283056259155273,0.0,149.90234375,2025-07-27 08:18:53.336173
model_fitting,0.003017902374267578,0.0,149.90234375,2025-07-27 08:18:53.351253
model_fitting,0.014264583587646484,0.0,149.90234375,2025-07-27 08:18:53.365868
model_fitting,0.017795085906982422,0.0,149.90625,2025-07-27 08:18:53.397484
model_fitting,0.013097286224365234,0.0,149.90625,2025-07-27 08:18:53.416186
model_fitting,0.008631706237792969,0.0,149.91015625,2025-07-27 08:18:53.435916
model_fitting,0.011860370635986328,0.0,149.9140625,2025-07-27 08:18:53.459223
model_fitting,0.014795064926147461,0.0,149.9140625,2025-07-27 08:18:53.482760
model_fitting,0.010323286056518555,0.00390625,149.91796875,2025-07-27 08:18:53.503386
model_fitting,0.011106491088867188,0.0,149.921875,2025-07-27 08:18:53.525983
model_fitting,0.013715982437133789,0.0078125,149.93359375,2025-07-27 08:18:53.548432
model_fitting,0.009873151779174805,0.0078125,149.94140625,2025-07-27 08:18:53.568798
model_fitting,0.013600826263427734,0.0,149.94140625,2025-07-27 08:18:53.593333
model_fitting,0.013175010681152344,0.0,149.9453125,2025-07-27 08:18:53.616020
model_fitting,0.007459402084350586,0.0,149.97265625,2025-07-27 08:18:56.065018
model_fitting,0.014743566513061523,0.0,149.97265625,2025-07-27 08:18:56.095956
model_fitting,0.012754678726196289,0.0,149.9765625,2025-07-27 08:18:56.119327
model_fitting,0.013174057006835938,0.0,149.9765625,2025-07-27 08:18:56.145473
model_fitting,0.01376199722290039,0.0,149.98046875,2025-07-27 08:18:56.172339
model_fitting,0.013656139373779297,0.0,149.98046875,2025-07-27 08:18:56.195490
model_fitting,0.015220403671264648,0.0078125,149.9921875,2025-07-27 08:18:56.219071
model_fitting,0.019858121871948242,0.0078125,150.0,2025-07-27 08:18:56.250861
model_fitting,0.0030393600463867188,0.0,150.0,2025-07-27 08:18:56.267072
model_fitting,0.015465736389160156,0.0,150.0,2025-07-27 08:18:56.282848
model_fitting,0.015516519546508789,0.0,150.0,2025-07-27 08:18:56.311796
model_fitting,0.01230764389038086,0.0,150.00390625,2025-07-27 08:18:56.334858
model_fitting,0.010277986526489258,0.00390625,150.01171875,2025-07-27 08:18:56.357465
model_fitting,0.015914201736450195,0.00390625,150.01953125,2025-07-27 08:18:56.382059
model_fitting,0.015452861785888672,0.00390625,150.02734375,2025-07-27 08:18:56.407775
model_fitting,0.017131328582763672,0.00390625,150.03125,2025-07-27 08:18:56.436208
model_fitting,0.0028693675994873047,0.0,150.03125,2025-07-27 08:18:56.450705
model_fitting,0.012092351913452148,0.0,150.03125,2025-07-27 08:18:56.463022
model_fitting,0.01162409782409668,0.0,150.0625,2025-07-27 08:18:58.664084
model_fitting,0.012006998062133789,0.0078125,150.07421875,2025-07-27 08:18:58.693808
model_fitting,0.01325225830078125,0.0,150.078125,2025-07-27 08:18:58.716978
model_fitting,0.009550333023071289,0.0,150.078125,2025-07-27 08:18:58.736879
model_fitting,0.009010076522827148,0.0,150.078125,2025-07-27 08:18:58.757558
model_fitting,0.00980687141418457,0.00390625,150.0859375,2025-07-27 08:18:58.776787
model_fitting,0.011718511581420898,0.01171875,150.09765625,2025-07-27 08:18:58.796218
model_fitting,0.013096094131469727,0.01953125,150.12109375,2025-07-27 08:18:58.815784
model_fitting,0.011666536331176758,0.0,150.12109375,2025-07-27 08:18:58.835160
model_fitting,0.0077667236328125,0.0,150.12109375,2025-07-27 08:18:58.852230
model_fitting,0.009767532348632812,0.0,150.125,2025-07-27 08:18:58.873139
model_fitting,0.010467290878295898,0.00390625,150.12890625,2025-07-27 08:18:58.891852
model_fitting,0.011362314224243164,0.02734375,150.16015625,2025-07-27 08:18:58.911951
model_fitting,0.01320028305053711,0.00390625,150.16796875,2025-07-27 08:18:58.930811
model_fitting,0.011423826217651367,0.0,150.16796875,2025-07-27 08:18:58.948956
model_fitting,0.01038217544555664,0.00390625,150.171875,2025-07-27 08:18:58.967348
model_fitting,0.010057210922241211,0.00390625,150.17578125,2025-07-27 08:18:58.989176
model_fitting,0.01129603385925293,0.015625,150.1953125,2025-07-27 08:18:59.010883
model_fitting,0.012482643127441406,0.03515625,150.23046875,2025-07-27 08:18:59.030787
model_fitting,0.011813640594482422,0.00390625,150.234375,2025-07-27 08:18:59.052088
model_fitting,0.010810613632202148,0.0,150.23828125,2025-07-27 08:18:59.075485
model_fitting,0.013334989547729492,0.0,150.23828125,2025-07-27 08:18:59.097758
model_fitting,0.01057291030883789,0.00390625,150.24609375,2025-07-27 08:18:59.117635
model_fitting,0.011327266693115234,0.0390625,150.2890625,2025-07-27 08:18:59.140771
model_fitting,0.012366533279418945,0.0,150.2890625,2025-07-27 08:18:59.162226
model_fitting,0.007201671600341797,0.0,150.31640625,2025-07-27 08:19:01.315891
model_fitting,0.010489225387573242,0.0,150.31640625,2025-07-27 08:19:01.337397
model_fitting,0.022126197814941406,0.0,150.31640625,2025-07-27 08:19:01.383713
model_fitting,0.019473552703857422,0.0,150.31640625,2025-07-27 08:19:01.419658
model_fitting,0.02469158172607422,0.0,150.31640625,2025-07-27 08:19:01.460954
model_fitting,0.020534276962280273,0.0,150.31640625,2025-07-27 08:19:01.499143
model_fitting,0.0045168399810791016,0.0,150.31640625,2025-07-27 08:19:01.518642
model_fitting,0.022788524627685547,0.0,150.31640625,2025-07-27 08:19:01.542289
model_fitting,0.023834943771362305,0.0,150.31640625,2025-07-27 08:19:01.579407
model_fitting,0.02143263816833496,0.0,150.31640625,2025-07-27 08:19:01.616578
model_fitting,0.014673709869384766,0.0,150.31640625,2025-07-27 08:19:01.643981
model_fitting,0.016205549240112305,0.0,150.31640625,2025-07-27 08:19:01.668652
model_fitting,0.01299428939819336,0.00390625,150.31640625,2025-07-27 08:19:01.693657
model_fitting,0.015633344650268555,0.00390625,150.31640625,2025-07-27 08:19:01.715620
model_fitting,0.007830142974853516,0.00390625,150.31640625,2025-07-27 08:19:01.735139
model_fitting,0.01660609245300293,0.00390625,150.31640625,2025-07-27 08:19:01.763493
model_fitting,0.012760400772094727,0.00390625,150.31640625,2025-07-27 08:19:01.783699
model_fitting,0.009717702865600586,0.0,150.31640625,2025-07-27 08:19:01.806374
model_fitting,0.014271020889282227,0.0,150.31640625,2025-07-27 08:19:01.829278
model_fitting,0.01513051986694336,0.0,150.31640625,2025-07-27 08:19:01.859011
model_fitting,0.021811723709106445,0.0078125,150.31640625,2025-07-27 08:19:01.888698
model_fitting,0.017373085021972656,0.0,150.3203125,2025-07-27 08:19:01.915024
model_fitting,0.020034313201904297,0.0,150.3203125,2025-07-27 08:19:01.949743
model_fitting,0.008891582489013672,0.0,150.33984375,2025-07-27 08:19:04.089802
model_fitting,0.013219594955444336,0.0,150.34375,2025-07-27 08:19:04.112407
model_fitting,0.016998291015625,0.0,150.34375,2025-07-27 08:19:04.140522
model_fitting,0.015122175216674805,0.0,150.34375,2025-07-27 08:19:04.169320
model_fitting,0.009718894958496094,0.0,150.34375,2025-07-27 08:19:04.190588
model_fitting,0.013195514678955078,0.0,150.34375,2025-07-27 08:19:04.213289
model_fitting,0.011338949203491211,0.01171875,150.35546875,2025-07-27 08:19:04.230561
model_fitting,0.012565374374389648,0.00390625,150.359375,2025-07-27 08:19:04.252565
model_fitting,0.013058662414550781,0.00390625,150.36328125,2025-07-27 08:19:04.279900
model_fitting,0.012435674667358398,0.00390625,150.3671875,2025-07-27 08:19:04.299487
model_fitting,0.008121490478515625,0.00390625,150.37109375,2025-07-27 08:19:04.319734
model_fitting,0.013144254684448242,0.0,150.375,2025-07-27 08:19:04.345178
model_fitting,0.012992382049560547,0.0078125,150.38671875,2025-07-27 08:19:04.364307
model_fitting,0.011096954345703125,0.00390625,150.390625,2025-07-27 08:19:04.390434
model_fitting,0.010574102401733398,0.0,150.4140625,2025-07-27 08:19:06.345461
model_fitting,0.011720657348632812,0.0,150.4140625,2025-07-27 08:19:06.376478
model_fitting,0.014715433120727539,0.0,150.4140625,2025-07-27 08:19:06.400114
model_fitting,0.010821819305419922,0.0,150.41796875,2025-07-27 08:19:06.423334
model_fitting,0.01373910903930664,0.0,150.41796875,2025-07-27 08:19:06.446380
model_fitting,0.011619806289672852,0.00390625,150.421875,2025-07-27 08:19:06.466004
model_fitting,0.010539770126342773,0.0,150.421875,2025-07-27 08:19:06.485773
model_fitting,0.012577056884765625,0.0,150.421875,2025-07-27 08:19:06.509617
model_fitting,0.0026581287384033203,0.0,150.421875,2025-07-27 08:19:06.518643
model_fitting,0.015447854995727539,0.0078125,150.4296875,2025-07-27 08:19:06.534448
model_fitting,0.013991355895996094,0.00390625,150.43359375,2025-07-27 08:19:06.561814
model_fitting,0.01362299919128418,0.00390625,150.44140625,2025-07-27 08:19:06.581349
model_fitting,0.010803461074829102,0.0,150.44140625,2025-07-27 08:19:06.601329
model_fitting,0.011239051818847656,0.0,150.44140625,2025-07-27 08:19:06.626147
model_fitting,0.01426243782043457,0.00390625,150.44921875,2025-07-27 08:19:06.648100
model_fitting,0.009906768798828125,0.0078125,150.4609375,2025-07-27 08:19:06.668813
model_fitting,0.011354923248291016,0.00390625,150.46484375,2025-07-27 08:19:06.692721
model_fitting,0.014019966125488281,0.015625,150.484375,2025-07-27 08:19:06.715859
model_fitting,0.009567022323608398,0.00390625,150.48828125,2025-07-27 08:19:06.734112
model_fitting,0.008188962936401367,0.0,150.48828125,2025-07-27 08:19:06.751779
model_fitting,0.011961936950683594,0.0,150.4921875,2025-07-27 08:19:06.775472
model_fitting,0.012742042541503906,0.0,150.49609375,2025-07-27 08:19:06.797054
model_fitting,0.011982917785644531,0.00390625,150.5,2025-07-27 08:19:06.818467
model_fitting,0.011448144912719727,0.00390625,150.50390625,2025-07-27 08:19:06.841969
model_fitting,0.015028953552246094,0.0,150.5078125,2025-07-27 08:19:06.866813
model_fitting,0.010553121566772461,0.0,150.51171875,2025-07-27 08:19:06.887376
model_fitting,0.01187586784362793,0.01171875,150.5234375,2025-07-27 08:19:06.909436
model_fitting,0.012619256973266602,0.03125,150.55859375,2025-07-27 08:19:06.929527
model_fitting,0.014379024505615234,0.0,150.55859375,2025-07-27 08:19:06.950019
model_fitting,0.008130311965942383,0.0,150.58203125,2025-07-27 08:19:08.981687
model_fitting,0.00777435302734375,0.0,150.58203125,2025-07-27 08:19:09.000468
model_fitting,0.011686325073242188,0.0,150.58203125,2025-07-27 08:19:09.024947
model_fitting,0.015433788299560547,0.0,150.58203125,2025-07-27 08:19:09.049753
model_fitting,0.011420249938964844,0.0,150.58203125,2025-07-27 08:19:09.074351
model_fitting,0.013073444366455078,0.0,150.58203125,2025-07-27 08:19:09.095786
model_fitting,0.011665821075439453,0.00390625,150.58984375,2025-07-27 08:19:09.115147
model_fitting,0.0074956417083740234,0.0,150.58984375,2025-07-27 08:19:09.134804
model_fitting,0.012537479400634766,0.0,150.59375,2025-07-27 08:19:09.159437
model_fitting,0.015671491622924805,0.0,150.59375,2025-07-27 08:19:09.182144
model_fitting,0.00847315788269043,0.0,150.59375,2025-07-27 08:19:09.202727
model_fitting,0.012664079666137695,0.00390625,150.59765625,2025-07-27 08:19:09.226235
model_fitting,0.013110876083374023,0.0,150.59765625,2025-07-27 08:19:09.247417
model_fitting,0.010281562805175781,0.00390625,150.6015625,2025-07-27 08:19:09.271086
model_fitting,0.003090381622314453,0.0,150.7578125,2025-07-27 08:19:11.411001
model_fitting,0.008609533309936523,0.0,150.7578125,2025-07-27 08:19:11.419982
model_fitting,0.009674787521362305,0.0,150.7578125,2025-07-27 08:19:11.438749
model_fitting,0.009902238845825195,0.0,150.76171875,2025-07-27 08:19:11.458614
model_fitting,0.005144357681274414,0.0,150.76171875,2025-07-27 08:19:11.472048
model_fitting,0.011610269546508789,0.0,150.76171875,2025-07-27 08:19:11.484044
model_fitting,0.009373188018798828,0.0,150.76171875,2025-07-27 08:19:11.506134
model_fitting,0.013698577880859375,0.0,150.765625,2025-07-27 08:19:11.529856
model_fitting,0.011675357818603516,0.0,150.765625,2025-07-27 08:19:11.548605
model_fitting,0.009057283401489258,0.0,150.765625,2025-07-27 08:19:11.568363
model_fitting,0.009139060974121094,0.00390625,150.7734375,2025-07-27 08:19:11.589075
model_fitting,0.01238107681274414,0.0078125,150.78515625,2025-07-27 08:19:11.611400
model_fitting,0.012586593627929688,0.0,150.78515625,2025-07-27 08:19:11.630445
model_fitting,0.004990577697753906,0.0,150.78515625,2025-07-27 08:19:11.644780
model_fitting,0.002941131591796875,0.0,150.78515625,2025-07-27 08:19:11.648100
model_fitting,0.01329493522644043,0.0,150.78515625,2025-07-27 08:19:11.661717
model_fitting,0.009820222854614258,0.0,150.80859375,2025-07-27 08:19:13.664046
model_fitting,0.009263753890991211,0.0,150.8125,2025-07-27 08:19:13.687148
model_fitting,0.010519266128540039,0.01171875,150.82421875,2025-07-27 08:19:13.707288
model_fitting,0.014180898666381836,0.01953125,150.84765625,2025-07-27 08:19:13.730496
model_fitting,0.012004375457763672,0.0,150.84765625,2025-07-27 08:19:13.753392
model_fitting,0.010645866394042969,0.0,150.8515625,2025-07-27 08:19:13.774823
model_fitting,0.012611150741577148,0.0,150.8515625,2025-07-27 08:19:13.795725
model_fitting,0.011367082595825195,0.00390625,150.859375,2025-07-27 08:19:13.817199
model_fitting,0.01518559455871582,0.03125,150.89453125,2025-07-27 08:19:13.844896
model_fitting,0.014611482620239258,0.0,150.89453125,2025-07-27 08:19:13.867386
model_fitting,0.013721466064453125,0.0,150.89453125,2025-07-27 08:19:13.895386
model_fitting,0.014311790466308594,0.0,150.8984375,2025-07-27 08:19:13.920051
model_fitting,0.01036977767944336,0.0,150.90625,2025-07-27 08:19:15.963729
model_fitting,0.016988277435302734,0.01171875,150.921875,2025-07-27 08:19:15.990184
model_fitting,0.012788772583007812,0.0,150.921875,2025-07-27 08:19:16.012828
model_fitting,0.01343083381652832,0.0,150.92578125,2025-07-27 08:19:16.036385
model_fitting,0.006175518035888672,0.0,150.92578125,2025-07-27 08:19:16.055773
model_fitting,0.0067827701568603516,0.0,150.92578125,2025-07-27 08:19:16.062940
model_fitting,0.010445833206176758,0.00390625,150.9296875,2025-07-27 08:19:16.073897
model_fitting,0.013968944549560547,0.01171875,150.9453125,2025-07-27 08:19:16.096146
model_fitting,0.02067422866821289,0.0234375,150.97265625,2025-07-27 08:19:16.128541
model_fitting,0.02889275550842285,0.0078125,150.98046875,2025-07-27 08:19:16.179596
model_fitting,0.02587747573852539,0.0,150.98046875,2025-07-27 08:19:16.223891
model_fitting,0.024789094924926758,0.0,150.984375,2025-07-27 08:19:16.269686
model_fitting,0.009785175323486328,0.00390625,150.9921875,2025-07-27 08:19:16.294763
model_fitting,0.00809478759765625,0.0,150.9921875,2025-07-27 08:19:16.303967
model_fitting,0.024481773376464844,0.01953125,151.01171875,2025-07-27 08:19:16.329027
model_fitting,0.024730443954467773,0.03515625,151.05078125,2025-07-27 08:19:16.369900
model_fitting,0.027313947677612305,0.0,151.05078125,2025-07-27 08:19:16.414170
model_fitting,0.026037931442260742,0.0,151.05078125,2025-07-27 08:19:16.456707
model_fitting,0.00972127914428711,0.0,151.0546875,2025-07-27 08:19:16.484134
model_fitting,0.0296323299407959,0.0,151.0546875,2025-07-27 08:19:16.515395
model_fitting,0.023952007293701172,0.02734375,151.08203125,2025-07-27 08:19:16.560944
model_fitting,0.0566864013671875,0.04296875,151.12890625,2025-07-27 08:19:16.635587
model_fitting,0.03095388412475586,0.0,151.12890625,2025-07-27 08:19:16.695422
model_fitting,0.020461559295654297,0.0,151.12890625,2025-07-27 08:19:16.746234
model_fitting,0.009876012802124023,0.00390625,151.13671875,2025-07-27 08:19:16.764901
model_fitting,0.007460832595825195,0.0,151.21484375,2025-07-27 08:19:18.731427
model_fitting,0.008419275283813477,0.0,151.21484375,2025-07-27 08:19:18.750413
model_fitting,0.011769533157348633,0.0,151.21484375,2025-07-27 08:19:18.774407
model_fitting,0.014148712158203125,0.0,151.21484375,2025-07-27 08:19:18.796211
model_fitting,0.011009454727172852,0.0,151.21875,2025-07-27 08:19:18.816280
model_fitting,0.008872032165527344,0.0,151.21875,2025-07-27 08:19:18.837259
model_fitting,0.011255741119384766,0.0,151.21875,2025-07-27 08:19:18.859255
model_fitting,0.004824638366699219,0.0,151.22265625,2025-07-27 08:19:18.870838
model_fitting,0.012910604476928711,0.0,151.22265625,2025-07-27 08:19:18.884197
model_fitting,0.012091636657714844,0.00390625,151.2265625,2025-07-27 08:19:18.907857
model_fitting,0.013769865036010742,0.0,151.2265625,2025-07-27 08:19:18.929556
model_fitting,0.014091968536376953,0.0,151.2265625,2025-07-27 08:19:18.957280
model_fitting,0.015330314636230469,0.0,151.2265625,2025-07-27 08:19:18.982542
model_fitting,0.009736061096191406,0.0,151.2265625,2025-07-27 08:19:19.003708
model_fitting,0.01020359992980957,0.0,151.2265625,2025-07-27 08:19:19.022247
model_fitting,0.011324167251586914,0.00390625,151.234375,2025-07-27 08:19:19.042209
model_fitting,0.007550954818725586,0.0,151.234375,2025-07-27 08:19:19.056957
model_fitting,0.011025428771972656,0.0,151.234375,2025-07-27 08:19:19.069336
model_fitting,0.01775813102722168,0.00390625,151.23828125,2025-07-27 08:19:19.111826
model_fitting,0.013659000396728516,0.0,151.23828125,2025-07-27 08:19:19.171302
model_fitting,0.026165485382080078,0.00390625,151.2421875,2025-07-27 08:19:19.209937
model_fitting,0.022783517837524414,0.0,151.2421875,2025-07-27 08:19:19.248557
model_fitting,0.02335667610168457,0.0,151.2421875,2025-07-27 08:19:19.290046
model_fitting,0.013352632522583008,0.0,151.2578125,2025-07-27 08:19:21.717902
model_fitting,0.02098870277404785,0.0,151.2578125,2025-07-27 08:19:21.754890
model_fitting,0.017232418060302734,0.0,151.26171875,2025-07-27 08:19:21.781668
model_fitting,0.012248516082763672,0.0,151.26171875,2025-07-27 08:19:21.805871
model_fitting,0.009134054183959961,0.0,151.26171875,2025-07-27 08:19:21.822878
model_fitting,0.017968416213989258,0.00390625,151.265625,2025-07-27 08:19:21.851750
model_fitting,0.010955810546875,0.0,151.265625,2025-07-27 08:19:21.871416
model_fitting,0.01314854621887207,0.00390625,151.26953125,2025-07-27 08:19:21.893713
model_fitting,0.011919021606445312,0.00390625,151.2734375,2025-07-27 08:19:21.916309
model_fitting,0.026282548904418945,0.0,151.27734375,2025-07-27 08:19:21.958996
model_fitting,0.022895336151123047,0.0,151.27734375,2025-07-27 08:19:21.992757
model_fitting,0.017293691635131836,0.0,151.27734375,2025-07-27 08:19:22.019717
model_fitting,0.02575087547302246,0.0,151.28125,2025-07-27 08:19:22.058903
model_fitting,0.023010730743408203,0.0,151.28125,2025-07-27 08:19:22.101123
model_fitting,0.0224001407623291,0.0,151.28515625,2025-07-27 08:19:22.139333
model_fitting,0.00921320915222168,0.0,151.5625,2025-07-27 08:19:23.922379
model_fitting,0.012993812561035156,0.0,151.56640625,2025-07-27 08:19:23.944536
model_fitting,0.013188362121582031,0.00390625,151.5703125,2025-07-27 08:19:23.963826
model_fitting,0.011259317398071289,0.00390625,151.578125,2025-07-27 08:19:23.985971
model_fitting,0.012153387069702148,0.0,151.578125,2025-07-27 08:19:24.007950
model_fitting,0.012852668762207031,0.0,151.578125,2025-07-27 08:19:24.027664
model_fitting,0.010839462280273438,0.0,151.578125,2025-07-27 08:19:24.047415
model_fitting,0.003244638442993164,0.0,151.578125,2025-07-27 08:19:24.061929
model_fitting,0.0026252269744873047,0.0,151.578125,2025-07-27 08:19:24.064816
model_fitting,0.01380777359008789,0.0,151.578125,2025-07-27 08:19:24.078864
model_fitting,0.010998964309692383,0.00390625,151.58984375,2025-07-27 08:19:24.099302
model_fitting,0.011076211929321289,0.0078125,151.6015625,2025-07-27 08:19:24.122338
model_fitting,0.011913776397705078,0.00390625,151.60546875,2025-07-27 08:19:24.142290
model_fitting,0.0085601806640625,0.0,151.625,2025-07-27 08:19:26.288984
model_fitting,0.012089729309082031,0.0,151.62890625,2025-07-27 08:19:26.307771
model_fitting,0.013495922088623047,0.0,151.62890625,2025-07-27 08:19:26.327861
model_fitting,0.012400150299072266,0.01953125,151.65234375,2025-07-27 08:19:26.347877
model_fitting,0.009396076202392578,0.0,151.65625,2025-07-27 08:19:26.370653
model_fitting,0.011272668838500977,0.0,151.66015625,2025-07-27 08:19:26.391339
model_fitting,0.015007495880126953,0.00390625,151.66796875,2025-07-27 08:19:26.415083
model_fitting,0.0028982162475585938,0.00390625,151.671875,2025-07-27 08:19:26.432852
model_fitting,0.006837129592895508,0.0,151.671875,2025-07-27 08:19:26.440510
model_fitting,0.009973526000976562,0.015625,151.6875,2025-07-27 08:19:26.451953
model_fitting,0.011780977249145508,0.0390625,151.73046875,2025-07-27 08:19:26.474327
model_fitting,0.01383519172668457,0.0,151.75390625,2025-07-27 08:19:28.591195
model_fitting,0.009353876113891602,0.0,151.75390625,2025-07-27 08:19:28.616606
model_fitting,0.013872146606445312,0.0,151.75390625,2025-07-27 08:19:28.643212
model_fitting,0.004806995391845703,0.0,151.7578125,2025-07-27 08:19:28.661455
model_fitting,0.013334274291992188,0.01171875,151.76953125,2025-07-27 08:19:28.675208
model_fitting,0.012640953063964844,0.0390625,151.8125,2025-07-27 08:19:28.696408
model_fitting,0.010140180587768555,0.0,151.8125,2025-07-27 08:19:28.719198
model_fitting,0.010016679763793945,0.0,151.8125,2025-07-27 08:19:28.737963
model_fitting,0.01407933235168457,0.0,151.8125,2025-07-27 08:19:28.761439
model_fitting,0.011032819747924805,0.0,151.81640625,2025-07-27 08:19:28.782403
model_fitting,0.012152671813964844,0.0,151.81640625,2025-07-27 08:19:28.806719
model_fitting,0.014045238494873047,0.0,151.81640625,2025-07-27 08:19:28.828666
model_fitting,0.007849931716918945,0.0,151.81640625,2025-07-27 08:19:28.849129
model_fitting,0.011350154876708984,0.0,151.81640625,2025-07-27 08:19:28.873866
model_fitting,0.012986183166503906,0.0,151.81640625,2025-07-27 08:19:28.894011
model_fitting,0.011834383010864258,0.00390625,151.8203125,2025-07-27 08:19:28.914862
model_fitting,0.012446165084838867,0.00390625,151.82421875,2025-07-27 08:19:28.940152
model_fitting,0.014115095138549805,0.0,151.82421875,2025-07-27 08:19:28.961871
model_fitting,0.010201454162597656,0.0,151.82421875,2025-07-27 08:19:28.981927
model_fitting,0.010765790939331055,0.00390625,151.828125,2025-07-27 08:19:29.005508
model_fitting,0.01281881332397461,0.0,151.83203125,2025-07-27 08:19:29.027509
model_fitting,0.011138916015625,0.0078125,151.83984375,2025-07-27 08:19:29.047911
model_fitting,0.010139703750610352,0.0,151.83984375,2025-07-27 08:19:29.070853
model_fitting,0.011001825332641602,0.0,151.84375,2025-07-27 08:19:29.090642
model_fitting,0.013871192932128906,0.0,151.84375,2025-07-27 08:19:29.112180
signal_generation_tiered,0.0066759586334228516,0.0859375,144.6640625,2025-07-27 08:18:04.987878
signal_generation_tiered,0.004685640335083008,0.0,144.8046875,2025-07-27 08:18:05.016869
signal_generation_tiered,0.0023953914642333984,0.0,144.83203125,2025-07-27 08:18:05.041730
signal_generation_tiered,0.0030570030212402344,0.0,144.8359375,2025-07-27 08:18:05.062816
signal_generation_tiered,0.002357006072998047,0.0,144.875,2025-07-27 08:18:05.088132
signal_generation_tiered,0.002897500991821289,0.0,144.91796875,2025-07-27 08:18:05.108138
signal_generation_tiered,0.004620552062988281,0.0,144.96484375,2025-07-27 08:18:05.131932
signal_generation_tiered,0.00359344482421875,0.0,145.00390625,2025-07-27 08:18:05.150300
signal_generation_tiered,0.0030601024627685547,0.0,145.05078125,2025-07-27 08:18:05.168101
signal_generation_tiered,0.0028743743896484375,0.0,145.05078125,2025-07-27 08:18:05.187088
signal_generation_tiered,0.0025458335876464844,0.0,145.05859375,2025-07-27 08:18:05.205612
signal_generation_tiered,0.0026750564575195312,0.0,145.0625,2025-07-27 08:18:05.225458
signal_generation_tiered,0.004376649856567383,0.0,145.0703125,2025-07-27 08:18:05.249926
signal_generation_tiered,0.0034127235412597656,0.0,145.08203125,2025-07-27 08:18:05.272327
signal_generation_tiered,0.002412080764770508,0.0,145.0859375,2025-07-27 08:18:05.292821
signal_generation_tiered,0.003378629684448242,0.0,145.09375,2025-07-27 08:18:05.313858
signal_generation_tiered,0.004029989242553711,0.0,145.09375,2025-07-27 08:18:05.334704
signal_generation_tiered,0.0023186206817626953,0.0,145.1171875,2025-07-27 08:18:05.354292
signal_generation_tiered,0.002708911895751953,0.0,145.15234375,2025-07-27 08:18:05.374672
signal_generation_tiered,0.003015756607055664,0.0,145.15234375,2025-07-27 08:18:05.396110
signal_generation_tiered,0.0035545825958251953,0.0,145.15625,2025-07-27 08:18:05.419864
signal_generation_tiered,0.0021467208862304688,0.0,145.1640625,2025-07-27 08:18:05.439562
signal_generation_tiered,0.003987312316894531,0.0,145.18359375,2025-07-27 08:18:05.463374
signal_generation_tiered,0.0025959014892578125,0.0,145.22265625,2025-07-27 08:18:05.487201
signal_generation_tiered,0.0022249221801757812,0.0,145.22265625,2025-07-27 08:18:05.506431
signal_generation_tiered,0.0030341148376464844,0.0,145.2265625,2025-07-27 08:18:05.528362
signal_generation_tiered,0.0032095909118652344,0.0,145.234375,2025-07-27 08:18:05.549537
signal_generation_tiered,0.002349376678466797,0.0,145.2734375,2025-07-27 08:18:05.570709
signal_generation_tiered,0.004934072494506836,0.0,145.3046875,2025-07-27 08:18:05.597684
signal_generation_tiered,0.0026497840881347656,0.0,145.3046875,2025-07-27 08:18:05.621149
signal_generation_tiered,0.002350330352783203,0.0,145.30859375,2025-07-27 08:18:05.641140
signal_generation_tiered,0.004079103469848633,0.0,145.31640625,2025-07-27 08:18:05.663115
signal_generation_tiered,0.0031554698944091797,0.0,145.32421875,2025-07-27 08:18:05.686088
signal_generation_tiered,0.0021185874938964844,0.0,145.328125,2025-07-27 08:18:05.707214
signal_generation_tiered,0.002852201461791992,0.0,145.328125,2025-07-27 08:18:05.727198
signal_generation_tiered,0.005974531173706055,0.0,145.33203125,2025-07-27 08:18:05.752471
signal_generation_tiered,0.003130197525024414,0.0,145.34375,2025-07-27 08:18:05.774823
signal_generation_tiered,0.004632711410522461,0.0,145.359375,2025-07-27 08:18:05.799894
signal_generation_tiered,0.002864360809326172,0.0,145.36328125,2025-07-27 08:18:05.821741
signal_generation_tiered,0.0049076080322265625,0.0,145.36328125,2025-07-27 08:18:05.847308
signal_generation_tiered,0.0027132034301757812,0.0,146.15234375,2025-07-27 08:18:08.018152
signal_generation_tiered,0.003919363021850586,0.0,146.16015625,2025-07-27 08:18:08.053953
signal_generation_tiered,0.003907680511474609,0.0,146.1640625,2025-07-27 08:18:08.078697
signal_generation_tiered,0.003355264663696289,0.0,146.16796875,2025-07-27 08:18:08.099013
signal_generation_tiered,0.004271268844604492,0.0,146.1875,2025-07-27 08:18:08.122111
signal_generation_tiered,0.005296230316162109,0.0,146.22265625,2025-07-27 08:18:08.159900
signal_generation_tiered,0.004937648773193359,0.0,146.23828125,2025-07-27 08:18:08.195107
signal_generation_tiered,0.002448558807373047,0.0,146.23828125,2025-07-27 08:18:08.223688
signal_generation_tiered,0.005520820617675781,0.0,146.24609375,2025-07-27 08:18:08.250729
signal_generation_tiered,0.007681131362915039,0.0,146.25,2025-07-27 08:18:08.288566
signal_generation_tiered,0.00491023063659668,0.0,146.26171875,2025-07-27 08:18:08.324663
signal_generation_tiered,0.006907463073730469,0.0,146.3046875,2025-07-27 08:18:08.368799
signal_generation_tiered,0.006978750228881836,0.0,146.30859375,2025-07-27 08:18:08.402458
signal_generation_tiered,0.006998300552368164,0.0,146.31640625,2025-07-27 08:18:08.436692
signal_generation_tiered,0.006171464920043945,0.0,146.328125,2025-07-27 08:18:08.468428
signal_generation_tiered,0.002717733383178711,0.0,146.34375,2025-07-27 08:18:08.491660
signal_generation_tiered,0.004006862640380859,0.0,146.38671875,2025-07-27 08:18:08.513883
signal_generation_tiered,0.004026889801025391,0.0,146.390625,2025-07-27 08:18:08.540093
signal_generation_tiered,0.0028247833251953125,0.0,146.39453125,2025-07-27 08:18:08.559989
signal_generation_tiered,0.004137754440307617,0.0,146.40234375,2025-07-27 08:18:08.588583
signal_generation_tiered,0.003841876983642578,0.0,146.4296875,2025-07-27 08:18:08.612045
signal_generation_tiered,0.004862785339355469,0.0,146.46484375,2025-07-27 08:18:08.635632
signal_generation_tiered,0.0032181739807128906,0.0,146.51171875,2025-07-27 08:18:08.655329
signal_generation_tiered,0.002373218536376953,0.0,146.515625,2025-07-27 08:18:08.674321
signal_generation_tiered,0.0038568973541259766,0.0,146.515625,2025-07-27 08:18:08.700005
signal_generation_tiered,0.003708362579345703,0.0,146.51953125,2025-07-27 08:18:08.723655
signal_generation_tiered,0.004889011383056641,0.0,146.5234375,2025-07-27 08:18:08.757034
signal_generation_tiered,0.004950284957885742,0.0,146.53125,2025-07-27 08:18:08.794654
signal_generation_tiered,0.007675647735595703,0.0,146.53515625,2025-07-27 08:18:08.828060
signal_generation_tiered,0.005212306976318359,0.0,146.53515625,2025-07-27 08:18:08.868825
signal_generation_tiered,0.005553722381591797,0.0,146.5390625,2025-07-27 08:18:08.904842
signal_generation_tiered,0.005406379699707031,0.0,146.546875,2025-07-27 08:18:08.934878
signal_generation_tiered,0.004832029342651367,0.0,146.5546875,2025-07-27 08:18:08.978567
signal_generation_tiered,0.004553079605102539,0.0,146.55859375,2025-07-27 08:18:09.014225
signal_generation_tiered,0.004451274871826172,0.0,146.55859375,2025-07-27 08:18:09.050748
signal_generation_tiered,0.002780914306640625,0.0,146.56640625,2025-07-27 08:18:09.077082
signal_generation_tiered,0.0041353702545166016,0.0,146.57421875,2025-07-27 08:18:09.097890
signal_generation_tiered,0.0066072940826416016,0.0,146.59375,2025-07-27 08:18:09.129004
signal_generation_tiered,0.006765604019165039,0.0,146.59375,2025-07-27 08:18:09.169626
signal_generation_tiered,0.0052738189697265625,0.0,146.59765625,2025-07-27 08:18:09.246295
signal_generation_tiered,0.002456188201904297,0.0,146.6015625,2025-07-27 08:18:09.333835
signal_generation_tiered,0.003448963165283203,0.0,146.79296875,2025-07-27 08:18:11.354876
signal_generation_tiered,0.00548100471496582,0.0,146.796875,2025-07-27 08:18:11.380395
signal_generation_tiered,0.0030558109283447266,0.0,146.796875,2025-07-27 08:18:11.401480
signal_generation_tiered,0.003536224365234375,0.0,146.80859375,2025-07-27 08:18:11.422089
signal_generation_tiered,0.00255584716796875,0.0,146.8359375,2025-07-27 08:18:11.444245
signal_generation_tiered,0.005942583084106445,0.0,146.8359375,2025-07-27 08:18:11.466116
signal_generation_tiered,0.002653837203979492,0.0,146.8359375,2025-07-27 08:18:11.484570
signal_generation_tiered,0.0026314258575439453,0.0,146.83984375,2025-07-27 08:18:11.505175
signal_generation_tiered,0.004324674606323242,0.0,146.83984375,2025-07-27 08:18:11.527863
signal_generation_tiered,0.002207040786743164,0.0,146.84375,2025-07-27 08:18:11.606869
signal_generation_tiered,0.005772590637207031,0.0,146.84375,2025-07-27 08:18:11.632226
signal_generation_tiered,0.0038557052612304688,0.0,146.84765625,2025-07-27 08:18:11.666353
signal_generation_tiered,0.002719402313232422,0.0,146.84765625,2025-07-27 08:18:11.688676
signal_generation_tiered,0.003507375717163086,0.0,146.84765625,2025-07-27 08:18:11.710600
signal_generation_tiered,0.0036804676055908203,0.0,146.84765625,2025-07-27 08:18:11.732199
signal_generation_tiered,0.0027561187744140625,0.0,146.8515625,2025-07-27 08:18:11.756482
signal_generation_tiered,0.00225067138671875,0.0,146.8515625,2025-07-27 08:18:11.775820
signal_generation_tiered,0.00451350212097168,0.0,146.85546875,2025-07-27 08:18:11.796957
signal_generation_tiered,0.0032608509063720703,0.0,146.85546875,2025-07-27 08:18:11.818105
signal_generation_tiered,0.0022497177124023438,0.0,146.86328125,2025-07-27 08:18:11.837982
signal_generation_tiered,0.0025055408477783203,0.0,146.86328125,2025-07-27 08:18:11.857341
signal_generation_tiered,0.0034139156341552734,0.0,146.8671875,2025-07-27 08:18:11.878559
signal_generation_tiered,0.003260374069213867,0.0,146.87109375,2025-07-27 08:18:11.901454
signal_generation_tiered,0.002106189727783203,0.0,146.8828125,2025-07-27 08:18:11.921690
signal_generation_tiered,0.0026793479919433594,0.0,146.90625,2025-07-27 08:18:13.807874
signal_generation_tiered,0.005700349807739258,0.0,146.91015625,2025-07-27 08:18:13.833111
signal_generation_tiered,0.003051280975341797,0.0,146.9140625,2025-07-27 08:18:13.855362
signal_generation_tiered,0.0020554065704345703,0.0,146.9140625,2025-07-27 08:18:13.873982
signal_generation_tiered,0.004007816314697266,0.0,146.9140625,2025-07-27 08:18:13.895961
signal_generation_tiered,0.0043849945068359375,0.0,146.91796875,2025-07-27 08:18:13.916284
signal_generation_tiered,0.0027015209197998047,0.0,146.91796875,2025-07-27 08:18:13.936067
signal_generation_tiered,0.0026886463165283203,0.0,146.91796875,2025-07-27 08:18:13.955270
signal_generation_tiered,0.0027942657470703125,0.0,146.9296875,2025-07-27 08:18:13.974100
signal_generation_tiered,0.003149747848510742,0.0,146.93359375,2025-07-27 08:18:13.994780
signal_generation_tiered,0.005228757858276367,0.0,146.93359375,2025-07-27 08:18:14.017664
signal_generation_tiered,0.0024652481079101562,0.0,146.93359375,2025-07-27 08:18:14.036952
signal_generation_tiered,0.002187013626098633,0.0,146.93359375,2025-07-27 08:18:14.056867
signal_generation_tiered,0.0034635066986083984,0.0,146.9375,2025-07-27 08:18:14.078237
signal_generation_tiered,0.0039691925048828125,0.0,146.9453125,2025-07-27 08:18:14.100588
signal_generation_tiered,0.0024213790893554688,0.0,146.94921875,2025-07-27 08:18:14.124782
signal_generation_tiered,0.0032777786254882812,0.0,146.94921875,2025-07-27 08:18:14.144416
signal_generation_tiered,0.00371551513671875,0.0,146.9609375,2025-07-27 08:18:14.166214
signal_generation_tiered,0.003706216812133789,0.0,146.9921875,2025-07-27 08:18:14.185301
signal_generation_tiered,0.0034148693084716797,0.0,147.0859375,2025-07-27 08:18:16.347442
signal_generation_tiered,0.0026922225952148438,0.0,147.0859375,2025-07-27 08:18:16.370209
signal_generation_tiered,0.0023076534271240234,0.0,147.0859375,2025-07-27 08:18:16.391644
signal_generation_tiered,0.003630399703979492,0.0,147.0859375,2025-07-27 08:18:16.416320
signal_generation_tiered,0.003166675567626953,0.0,147.0859375,2025-07-27 08:18:16.437559
signal_generation_tiered,0.0026383399963378906,0.0,147.0859375,2025-07-27 08:18:16.457543
signal_generation_tiered,0.004128217697143555,0.0,147.109375,2025-07-27 08:18:16.481675
signal_generation_tiered,0.003370523452758789,0.0,147.1328125,2025-07-27 08:18:16.505668
signal_generation_tiered,0.0030455589294433594,0.0,147.171875,2025-07-27 08:18:16.526987
signal_generation_tiered,0.004266023635864258,0.0,147.17578125,2025-07-27 08:18:16.549075
signal_generation_tiered,0.0026619434356689453,0.0,147.17578125,2025-07-27 08:18:16.570397
signal_generation_tiered,0.0025229454040527344,0.0,147.18359375,2025-07-27 08:18:16.591361
signal_generation_tiered,0.003901243209838867,0.0,147.19921875,2025-07-27 08:18:16.613840
signal_generation_tiered,0.002708911895751953,0.0,147.234375,2025-07-27 08:18:16.637462
signal_generation_tiered,0.002985239028930664,0.0,147.234375,2025-07-27 08:18:16.657496
signal_generation_tiered,0.0043752193450927734,0.0,147.234375,2025-07-27 08:18:16.681841
signal_generation_tiered,0.003076314926147461,0.0,147.2421875,2025-07-27 08:18:16.704697
signal_generation_tiered,0.006016254425048828,0.0,147.265625,2025-07-27 08:18:16.733379
signal_generation_tiered,0.006026744842529297,0.0,147.30859375,2025-07-27 08:18:16.770189
signal_generation_tiered,0.0024008750915527344,0.0,147.30859375,2025-07-27 08:18:16.805134
signal_generation_tiered,0.003160238265991211,0.0,147.33203125,2025-07-27 08:18:18.699159
signal_generation_tiered,0.0024623870849609375,0.0,147.3359375,2025-07-27 08:18:18.723076
signal_generation_tiered,0.002824068069458008,0.0,147.3359375,2025-07-27 08:18:18.743429
signal_generation_tiered,0.002777576446533203,0.0,147.34375,2025-07-27 08:18:18.770729
signal_generation_tiered,0.002713918685913086,0.0,147.34375,2025-07-27 08:18:18.792334
signal_generation_tiered,0.0026938915252685547,0.0,147.3515625,2025-07-27 08:18:18.811930
signal_generation_tiered,0.0030765533447265625,0.0,147.3515625,2025-07-27 08:18:18.832841
signal_generation_tiered,0.0031859874725341797,0.0,147.3515625,2025-07-27 08:18:18.854472
signal_generation_tiered,0.004237651824951172,0.0,147.35546875,2025-07-27 08:18:18.877442
signal_generation_tiered,0.0035581588745117188,0.0,147.35546875,2025-07-27 08:18:18.903382
signal_generation_tiered,0.002933979034423828,0.0,147.35546875,2025-07-27 08:18:18.926823
signal_generation_tiered,0.004553794860839844,0.0,147.36328125,2025-07-27 08:18:18.950892
signal_generation_tiered,0.002103567123413086,0.0,147.3671875,2025-07-27 08:18:18.973157
signal_generation_tiered,0.0024900436401367188,0.0,147.375,2025-07-27 08:18:18.992284
signal_generation_tiered,0.0057179927825927734,0.0,147.375,2025-07-27 08:18:19.017879
signal_generation_tiered,0.005289793014526367,0.0,147.37890625,2025-07-27 08:18:19.059392
signal_generation_tiered,0.0055370330810546875,0.0,147.38671875,2025-07-27 08:18:19.103222
signal_generation_tiered,0.0053822994232177734,0.0,147.39453125,2025-07-27 08:18:19.142419
signal_generation_tiered,0.005980253219604492,0.0,147.41015625,2025-07-27 08:18:19.184994
signal_generation_tiered,0.004453897476196289,0.0,147.41015625,2025-07-27 08:18:19.226390
signal_generation_tiered,0.0037152767181396484,0.0,147.41015625,2025-07-27 08:18:19.254135
signal_generation_tiered,0.005997180938720703,0.0,147.421875,2025-07-27 08:18:19.286656
signal_generation_tiered,0.006239414215087891,0.0,147.44140625,2025-07-27 08:18:19.326618
signal_generation_tiered,0.004387617111206055,0.0,147.4765625,2025-07-27 08:18:19.373225
signal_generation_tiered,0.004368305206298828,0.0,147.48046875,2025-07-27 08:18:19.411450
signal_generation_tiered,0.004233837127685547,0.0,147.4921875,2025-07-27 08:18:19.436021
signal_generation_tiered,0.006638765335083008,0.0,147.66796875,2025-07-27 08:18:21.939113
signal_generation_tiered,0.0035309791564941406,0.0,147.6875,2025-07-27 08:18:21.963973
signal_generation_tiered,0.0028493404388427734,0.0,147.73046875,2025-07-27 08:18:21.987832
signal_generation_tiered,0.002252340316772461,0.0,147.73046875,2025-07-27 08:18:22.006478
signal_generation_tiered,0.005698204040527344,0.0,147.73046875,2025-07-27 08:18:22.041442
signal_generation_tiered,0.005110502243041992,0.0,147.734375,2025-07-27 08:18:22.117799
signal_generation_tiered,0.0022542476654052734,0.0,147.75,2025-07-27 08:18:22.135162
signal_generation_tiered,0.0022270679473876953,0.0,147.79296875,2025-07-27 08:18:22.152304
signal_generation_tiered,0.002639293670654297,0.0,147.796875,2025-07-27 08:18:22.170813
signal_generation_tiered,0.005007505416870117,0.0,147.80078125,2025-07-27 08:18:22.201167
signal_generation_tiered,0.005788326263427734,0.0,147.8046875,2025-07-27 08:18:22.229717
signal_generation_tiered,0.00453948974609375,0.0,147.82421875,2025-07-27 08:18:22.257237
signal_generation_tiered,0.006226301193237305,0.0,147.86328125,2025-07-27 08:18:22.302360
signal_generation_tiered,0.007158994674682617,0.0,147.86328125,2025-07-27 08:18:22.344362
signal_generation_tiered,0.005734682083129883,0.0,147.8671875,2025-07-27 08:18:22.378586
signal_generation_tiered,0.005110740661621094,0.0,147.875,2025-07-27 08:18:22.412151
signal_generation_tiered,0.003894329071044922,0.0,147.91015625,2025-07-27 08:18:22.432485
signal_generation_tiered,0.0027306079864501953,0.0,147.94921875,2025-07-27 08:18:22.453110
signal_generation_tiered,0.0038368701934814453,0.0,147.94921875,2025-07-27 08:18:22.482609
signal_generation_tiered,0.0034515857696533203,0.0,148.42578125,2025-07-27 08:18:24.420440
signal_generation_tiered,0.004896640777587891,0.0,148.42578125,2025-07-27 08:18:24.445077
signal_generation_tiered,0.002688884735107422,0.0,148.4453125,2025-07-27 08:18:24.471667
signal_generation_tiered,0.004158496856689453,0.0,148.46484375,2025-07-27 08:18:24.515576
signal_generation_tiered,0.003452301025390625,0.0,148.46484375,2025-07-27 08:18:24.533941
signal_generation_tiered,0.0027387142181396484,0.0,148.46875,2025-07-27 08:18:24.556907
signal_generation_tiered,0.002955913543701172,0.0,148.4765625,2025-07-27 08:18:24.576281
signal_generation_tiered,0.0030219554901123047,0.0,148.51171875,2025-07-27 08:18:24.598125
signal_generation_tiered,0.004633903503417969,0.0,148.5546875,2025-07-27 08:18:24.618173
signal_generation_tiered,0.0022478103637695312,0.0,148.58203125,2025-07-27 08:18:24.636378
signal_generation_tiered,0.002206563949584961,0.0,148.58203125,2025-07-27 08:18:24.654772
signal_generation_tiered,0.003947019577026367,0.0,148.60546875,2025-07-27 08:18:26.573351
signal_generation_tiered,0.00637364387512207,0.0,148.609375,2025-07-27 08:18:26.604284
signal_generation_tiered,0.0030126571655273438,0.0,148.609375,2025-07-27 08:18:26.629852
signal_generation_tiered,0.0023860931396484375,0.0,148.625,2025-07-27 08:18:26.653204
signal_generation_tiered,0.002068758010864258,0.0,148.625,2025-07-27 08:18:26.672675
signal_generation_tiered,0.010314226150512695,0.0,148.625,2025-07-27 08:18:26.702779
signal_generation_tiered,0.0026161670684814453,0.0,148.625,2025-07-27 08:18:26.735292
signal_generation_tiered,0.0034067630767822266,0.0,148.625,2025-07-27 08:18:26.755765
signal_generation_tiered,0.0025937557220458984,0.0,148.625,2025-07-27 08:18:26.780817
signal_generation_tiered,0.0034568309783935547,0.0,148.625,2025-07-27 08:18:26.805326
signal_generation_tiered,0.00409698486328125,0.0,148.625,2025-07-27 08:18:26.835849
signal_generation_tiered,0.004531383514404297,0.0,148.625,2025-07-27 08:18:26.868454
signal_generation_tiered,0.0020818710327148438,0.0,148.62890625,2025-07-27 08:18:26.890091
signal_generation_tiered,0.004801034927368164,0.0,148.62890625,2025-07-27 08:18:26.914704
signal_generation_tiered,0.004364728927612305,0.0,148.7734375,2025-07-27 08:18:29.604245
signal_generation_tiered,0.003454446792602539,0.0,148.7734375,2025-07-27 08:18:29.627145
signal_generation_tiered,0.0025548934936523438,0.0,148.7734375,2025-07-27 08:18:29.646416
signal_generation_tiered,0.0028526782989501953,0.0,148.7734375,2025-07-27 08:18:29.664710
signal_generation_tiered,0.0023832321166992188,0.0,148.7734375,2025-07-27 08:18:29.685664
signal_generation_tiered,0.0020999908447265625,0.0,148.7734375,2025-07-27 08:18:29.703837
signal_generation_tiered,0.0022089481353759766,0.0,148.7734375,2025-07-27 08:18:29.722662
signal_generation_tiered,0.003238201141357422,0.0,148.78125,2025-07-27 08:18:29.742667
signal_generation_tiered,0.0026178359985351562,0.0,148.78515625,2025-07-27 08:18:29.762193
signal_generation_tiered,0.0034058094024658203,0.0,148.78515625,2025-07-27 08:18:29.781507
signal_generation_tiered,0.0025010108947753906,0.0,148.7890625,2025-07-27 08:18:29.801422
signal_generation_tiered,0.0023729801177978516,0.0,148.79296875,2025-07-27 08:18:29.822076
signal_generation_tiered,0.0036118030548095703,0.0,148.79296875,2025-07-27 08:18:29.845004
signal_generation_tiered,0.002928018569946289,0.0,148.80078125,2025-07-27 08:18:29.868470
signal_generation_tiered,0.0027441978454589844,0.0,148.8046875,2025-07-27 08:18:29.889539
signal_generation_tiered,0.0031409263610839844,0.0,148.80859375,2025-07-27 08:18:29.911026
signal_generation_tiered,0.004550933837890625,0.0,148.8125,2025-07-27 08:18:29.933601
signal_generation_tiered,0.003603219985961914,0.0,148.90234375,2025-07-27 08:18:32.514387
signal_generation_tiered,0.003721952438354492,0.0,148.90234375,2025-07-27 08:18:32.536336
signal_generation_tiered,0.002875804901123047,0.0,148.90625,2025-07-27 08:18:32.556776
signal_generation_tiered,0.0029518604278564453,0.0,148.91015625,2025-07-27 08:18:32.579927
signal_generation_tiered,0.004585742950439453,0.0,148.91015625,2025-07-27 08:18:32.603585
signal_generation_tiered,0.0024166107177734375,0.0,148.91015625,2025-07-27 08:18:32.623020
signal_generation_tiered,0.004647731781005859,0.0,148.9140625,2025-07-27 08:18:32.649846
signal_generation_tiered,0.0046846866607666016,0.0,148.91796875,2025-07-27 08:18:32.684942
signal_generation_tiered,0.003350496292114258,0.0,148.92578125,2025-07-27 08:18:32.719952
signal_generation_tiered,0.004530906677246094,0.0,148.92578125,2025-07-27 08:18:32.749645
signal_generation_tiered,0.005350351333618164,0.0,148.92578125,2025-07-27 08:18:32.789953
signal_generation_tiered,0.005474090576171875,0.0,148.9296875,2025-07-27 08:18:32.823601
signal_generation_tiered,0.004357576370239258,0.0,148.9296875,2025-07-27 08:18:32.859140
signal_generation_tiered,0.0021283626556396484,0.0,148.93359375,2025-07-27 08:18:32.881637
signal_generation_tiered,0.002735614776611328,0.0,148.96875,2025-07-27 08:18:35.737978
signal_generation_tiered,0.0037894248962402344,0.0,148.96875,2025-07-27 08:18:35.758924
signal_generation_tiered,0.003453493118286133,0.0,148.96875,2025-07-27 08:18:35.779093
signal_generation_tiered,0.0023424625396728516,0.0,148.97265625,2025-07-27 08:18:35.803381
signal_generation_tiered,0.0031156539916992188,0.0,148.9921875,2025-07-27 08:18:35.834100
signal_generation_tiered,0.003068685531616211,0.0,149.0,2025-07-27 08:18:35.859135
signal_generation_tiered,0.0032072067260742188,0.0,149.0,2025-07-27 08:18:35.879259
signal_generation_tiered,0.0033380985260009766,0.0,149.0,2025-07-27 08:18:35.902361
signal_generation_tiered,0.004457235336303711,0.0,149.00390625,2025-07-27 08:18:35.924503
signal_generation_tiered,0.0024619102478027344,0.0,149.0078125,2025-07-27 08:18:35.951810
signal_generation_tiered,0.0026977062225341797,0.0,149.046875,2025-07-27 08:18:35.973501
signal_generation_tiered,0.002774477005004883,0.0,149.046875,2025-07-27 08:18:36.001272
signal_generation_tiered,0.0034432411193847656,0.0,149.05078125,2025-07-27 08:18:36.023153
signal_generation_tiered,0.006030559539794922,0.0,149.05078125,2025-07-27 08:18:36.059161
signal_generation_tiered,0.003988981246948242,0.0,149.0546875,2025-07-27 08:18:36.091956
signal_generation_tiered,0.0031523704528808594,0.0,149.08203125,2025-07-27 08:18:36.123262
signal_generation_tiered,0.0030753612518310547,0.0,149.08203125,2025-07-27 08:18:36.152043
signal_generation_tiered,0.0063626766204833984,0.0,149.0859375,2025-07-27 08:18:36.181918
signal_generation_tiered,0.004491329193115234,0.0,149.09375,2025-07-27 08:18:36.234777
signal_generation_tiered,0.003955364227294922,0.0,149.1171875,2025-07-27 08:18:36.263932
signal_generation_tiered,0.002641439437866211,0.0,149.16015625,2025-07-27 08:18:36.288865
signal_generation_tiered,0.003560781478881836,0.0,149.16796875,2025-07-27 08:18:36.309180
signal_generation_tiered,0.007748842239379883,0.0,149.19140625,2025-07-27 08:18:38.682901
signal_generation_tiered,0.0038568973541259766,0.0,149.19140625,2025-07-27 08:18:38.723005
signal_generation_tiered,0.0035457611083984375,0.0,149.1953125,2025-07-27 08:18:38.752140
signal_generation_tiered,0.006105661392211914,0.0,149.1953125,2025-07-27 08:18:38.791951
signal_generation_tiered,0.004782199859619141,0.0,149.1953125,2025-07-27 08:18:38.824273
signal_generation_tiered,0.007223367691040039,0.0,149.1953125,2025-07-27 08:18:38.855264
signal_generation_tiered,0.007186174392700195,0.0,149.1953125,2025-07-27 08:18:38.901397
signal_generation_tiered,0.005483150482177734,0.0,149.1953125,2025-07-27 08:18:38.941517
signal_generation_tiered,0.00558781623840332,0.0,149.19921875,2025-07-27 08:18:38.984573
signal_generation_tiered,0.005977153778076172,0.0,149.19921875,2025-07-27 08:18:39.041426
signal_generation_tiered,0.004723310470581055,0.0,149.203125,2025-07-27 08:18:39.087571
signal_generation_tiered,0.0036492347717285156,0.0,149.203125,2025-07-27 08:18:39.121569
signal_generation_tiered,0.0027494430541992188,0.0,149.2109375,2025-07-27 08:18:39.160819
signal_generation_tiered,0.004723787307739258,0.0,149.2109375,2025-07-27 08:18:39.188522
signal_generation_tiered,0.0038106441497802734,0.0,149.2109375,2025-07-27 08:18:39.220721
signal_generation_tiered,0.004704952239990234,0.0,149.2109375,2025-07-27 08:18:39.251778
signal_generation_tiered,0.005118370056152344,0.0,149.21484375,2025-07-27 08:18:39.315043
signal_generation_tiered,0.0029642581939697266,0.0,149.42578125,2025-07-27 08:18:41.726871
signal_generation_tiered,0.0038051605224609375,0.0,149.42578125,2025-07-27 08:18:41.747666
signal_generation_tiered,0.002490520477294922,0.0,149.43359375,2025-07-27 08:18:41.769759
signal_generation_tiered,0.003584623336791992,0.0,149.43359375,2025-07-27 08:18:41.797453
signal_generation_tiered,0.003204822540283203,0.0,149.44921875,2025-07-27 08:18:43.957053
signal_generation_tiered,0.002711057662963867,0.0,149.453125,2025-07-27 08:18:43.983853
signal_generation_tiered,0.0027456283569335938,0.0,149.45703125,2025-07-27 08:18:44.005423
signal_generation_tiered,0.004839897155761719,0.0,149.4609375,2025-07-27 08:18:44.030516
signal_generation_tiered,0.002637624740600586,0.0,149.4609375,2025-07-27 08:18:44.050818
signal_generation_tiered,0.004148006439208984,0.0,149.4609375,2025-07-27 08:18:44.103950
signal_generation_tiered,0.003046274185180664,0.0,149.4609375,2025-07-27 08:18:44.134673
signal_generation_tiered,0.0031821727752685547,0.0,149.46484375,2025-07-27 08:18:44.168210
signal_generation_tiered,0.00506138801574707,0.0,149.4765625,2025-07-27 08:18:44.206434
signal_generation_tiered,0.006903409957885742,0.0,149.4765625,2025-07-27 08:18:44.245317
signal_generation_tiered,0.0041484832763671875,0.0,149.50390625,2025-07-27 08:18:46.367160
signal_generation_tiered,0.003635406494140625,0.0,149.5078125,2025-07-27 08:18:46.392884
signal_generation_tiered,0.002384185791015625,0.0,149.5078125,2025-07-27 08:18:46.416910
signal_generation_tiered,0.005260467529296875,0.0,149.51953125,2025-07-27 08:18:46.445446
signal_generation_tiered,0.002572774887084961,0.0,149.51953125,2025-07-27 08:18:46.467144
signal_generation_tiered,0.00273895263671875,0.0,149.51953125,2025-07-27 08:18:46.486960
signal_generation_tiered,0.003835916519165039,0.0,149.546875,2025-07-27 08:18:48.407929
signal_generation_tiered,0.0025103092193603516,0.0,149.55859375,2025-07-27 08:18:48.435325
signal_generation_tiered,0.00420379638671875,0.0,149.5703125,2025-07-27 08:18:48.459411
signal_generation_tiered,0.002538442611694336,0.0,149.5703125,2025-07-27 08:18:48.483517
signal_generation_tiered,0.0026350021362304688,0.0,149.57421875,2025-07-27 08:18:48.503462
signal_generation_tiered,0.0040514469146728516,0.0,149.57421875,2025-07-27 08:18:48.530790
signal_generation_tiered,0.002833127975463867,0.0,149.5859375,2025-07-27 08:18:48.550486
signal_generation_tiered,0.002909421920776367,0.0,149.625,2025-07-27 08:18:48.571629
signal_generation_tiered,0.00425267219543457,0.0,149.6484375,2025-07-27 08:18:50.539728
signal_generation_tiered,0.005379199981689453,0.0,149.65234375,2025-07-27 08:18:50.573087
signal_generation_tiered,0.0038480758666992188,0.0,149.65625,2025-07-27 08:18:50.605077
signal_generation_tiered,0.0060520172119140625,0.0,149.66796875,2025-07-27 08:18:50.630874
signal_generation_tiered,0.003812551498413086,0.0,149.703125,2025-07-27 08:18:50.656047
signal_generation_tiered,0.003587484359741211,0.0,149.703125,2025-07-27 08:18:50.683363
signal_generation_tiered,0.0066263675689697266,0.0,149.70703125,2025-07-27 08:18:50.712728
signal_generation_tiered,0.006205081939697266,0.0,149.71484375,2025-07-27 08:18:50.745395
signal_generation_tiered,0.007094144821166992,0.0,149.74609375,2025-07-27 08:18:50.776812
signal_generation_tiered,0.0024335384368896484,0.0,149.79296875,2025-07-27 08:18:50.802599
signal_generation_tiered,0.005752086639404297,0.0,149.79296875,2025-07-27 08:18:50.827322
signal_generation_tiered,0.002366781234741211,0.0,149.796875,2025-07-27 08:18:50.848368
signal_generation_tiered,0.002918243408203125,0.0,149.796875,2025-07-27 08:18:50.870214
signal_generation_tiered,0.0043566226959228516,0.0,149.8125,2025-07-27 08:18:50.893822
signal_generation_tiered,0.0026798248291015625,0.0,149.85546875,2025-07-27 08:18:50.913538
signal_generation_tiered,0.0039942264556884766,0.0,149.87109375,2025-07-27 08:18:50.940822
signal_generation_tiered,0.0022420883178710938,0.0,149.87109375,2025-07-27 08:18:50.970340
signal_generation_tiered,0.0032341480255126953,0.0,149.890625,2025-07-27 08:18:53.132216
signal_generation_tiered,0.005784034729003906,0.0,149.890625,2025-07-27 08:18:53.161035
signal_generation_tiered,0.0022461414337158203,0.0,149.89453125,2025-07-27 08:18:53.183703
signal_generation_tiered,0.0029706954956054688,0.0,149.89453125,2025-07-27 08:18:53.204447
signal_generation_tiered,0.004843950271606445,0.0,149.89453125,2025-07-27 08:18:53.229970
signal_generation_tiered,0.002716064453125,0.0,149.8984375,2025-07-27 08:18:53.250733
signal_generation_tiered,0.006306648254394531,0.0,149.8984375,2025-07-27 08:18:53.277534
signal_generation_tiered,0.005606174468994141,0.0,149.8984375,2025-07-27 08:18:53.311485
signal_generation_tiered,0.004639148712158203,0.0,149.90234375,2025-07-27 08:18:53.343217
signal_generation_tiered,0.0024721622467041016,0.0,149.90234375,2025-07-27 08:18:53.370117
signal_generation_tiered,0.0020592212677001953,0.0,149.90625,2025-07-27 08:18:53.400445
signal_generation_tiered,0.0025482177734375,0.0,149.90625,2025-07-27 08:18:53.420028
signal_generation_tiered,0.003957509994506836,0.0,149.91015625,2025-07-27 08:18:53.440899
signal_generation_tiered,0.0038480758666992188,0.0,149.9140625,2025-07-27 08:18:53.464914
signal_generation_tiered,0.0025479793548583984,0.0,149.9140625,2025-07-27 08:18:53.486502
signal_generation_tiered,0.0058536529541015625,0.0,149.91796875,2025-07-27 08:18:53.511747
signal_generation_tiered,0.003166675567626953,0.0,149.921875,2025-07-27 08:18:53.530869
signal_generation_tiered,0.0025310516357421875,0.0,149.93359375,2025-07-27 08:18:53.552120
signal_generation_tiered,0.0046384334564208984,0.0,149.94140625,2025-07-27 08:18:53.574731
signal_generation_tiered,0.0048656463623046875,0.0,149.94140625,2025-07-27 08:18:53.599840
signal_generation_tiered,0.004665374755859375,0.0,149.9453125,2025-07-27 08:18:53.622139
signal_generation_tiered,0.0037708282470703125,0.0,149.97265625,2025-07-27 08:18:56.069910
signal_generation_tiered,0.0033028125762939453,0.0,149.97265625,2025-07-27 08:18:56.100760
signal_generation_tiered,0.004156351089477539,0.0,149.9765625,2025-07-27 08:18:56.125685
signal_generation_tiered,0.004095554351806641,0.0,149.9765625,2025-07-27 08:18:56.150936
signal_generation_tiered,0.0034492015838623047,0.0,149.98046875,2025-07-27 08:18:56.178095
signal_generation_tiered,0.0022094249725341797,0.0,149.98046875,2025-07-27 08:18:56.198867
signal_generation_tiered,0.00398707389831543,0.0,149.9921875,2025-07-27 08:18:56.225378
signal_generation_tiered,0.005911350250244141,0.0,150.0,2025-07-27 08:18:56.258519
signal_generation_tiered,0.004319429397583008,0.0,150.0,2025-07-27 08:18:56.288722
signal_generation_tiered,0.003804445266723633,0.0,150.0,2025-07-27 08:18:56.317140
signal_generation_tiered,0.005043506622314453,0.0,150.00390625,2025-07-27 08:18:56.340998
signal_generation_tiered,0.003863811492919922,0.0,150.01171875,2025-07-27 08:18:56.362830
signal_generation_tiered,0.0026302337646484375,0.0,150.01953125,2025-07-27 08:18:56.386240
signal_generation_tiered,0.005190372467041016,0.0,150.02734375,2025-07-27 08:18:56.414318
signal_generation_tiered,0.0025475025177001953,0.0,150.03125,2025-07-27 08:18:56.442033
signal_generation_tiered,0.0031518936157226562,0.0,150.03125,2025-07-27 08:18:56.467381
signal_generation_tiered,0.00894784927368164,0.0,150.0625,2025-07-27 08:18:58.674507
signal_generation_tiered,0.002866983413696289,0.0,150.07421875,2025-07-27 08:18:58.699493
signal_generation_tiered,0.002818584442138672,0.0,150.078125,2025-07-27 08:18:58.721226
signal_generation_tiered,0.0030739307403564453,0.0,150.078125,2025-07-27 08:18:58.742533
signal_generation_tiered,0.004354715347290039,0.0,150.078125,2025-07-27 08:18:58.763898
signal_generation_tiered,0.0022423267364501953,0.0,150.0859375,2025-07-27 08:18:58.781976
signal_generation_tiered,0.0023000240325927734,0.0,150.09765625,2025-07-27 08:18:58.799988
signal_generation_tiered,0.0021550655364990234,0.0,150.12109375,2025-07-27 08:18:58.819135
signal_generation_tiered,0.0030438899993896484,0.0,150.12109375,2025-07-27 08:18:58.839394
signal_generation_tiered,0.004027128219604492,0.0,150.12109375,2025-07-27 08:18:58.857199
signal_generation_tiered,0.002732992172241211,0.0,150.125,2025-07-27 08:18:58.877606
signal_generation_tiered,0.003696441650390625,0.0,150.12890625,2025-07-27 08:18:58.896978
signal_generation_tiered,0.002036571502685547,0.0,150.16015625,2025-07-27 08:18:58.915184
signal_generation_tiered,0.002092123031616211,0.0,150.16796875,2025-07-27 08:18:58.934049
signal_generation_tiered,0.0025730133056640625,0.0,150.16796875,2025-07-27 08:18:58.952657
signal_generation_tiered,0.0034906864166259766,0.0,150.171875,2025-07-27 08:18:58.972165
signal_generation_tiered,0.0032129287719726562,0.0,150.17578125,2025-07-27 08:18:58.994266
signal_generation_tiered,0.002309560775756836,0.0,150.1953125,2025-07-27 08:18:59.015187
signal_generation_tiered,0.0025177001953125,0.0,150.23046875,2025-07-27 08:18:59.034410
signal_generation_tiered,0.004827976226806641,0.0,150.234375,2025-07-27 08:18:59.058744
signal_generation_tiered,0.0027115345001220703,0.0,150.23828125,2025-07-27 08:18:59.080793
signal_generation_tiered,0.0025157928466796875,0.0,150.23828125,2025-07-27 08:18:59.101542
signal_generation_tiered,0.004280805587768555,0.0,150.24609375,2025-07-27 08:18:59.123229
signal_generation_tiered,0.003632783889770508,0.0,150.2890625,2025-07-27 08:18:59.146525
signal_generation_tiered,0.002689838409423828,0.0,150.2890625,2025-07-27 08:18:59.166307
signal_generation_tiered,0.0029087066650390625,0.0,150.31640625,2025-07-27 08:19:01.319686
signal_generation_tiered,0.005260467529296875,0.0,150.31640625,2025-07-27 08:19:01.348357
signal_generation_tiered,0.008645296096801758,0.0,150.31640625,2025-07-27 08:19:01.393860
signal_generation_tiered,0.003520488739013672,0.0,150.31640625,2025-07-27 08:19:01.431316
signal_generation_tiered,0.0034923553466796875,0.0,150.31640625,2025-07-27 08:19:01.466485
signal_generation_tiered,0.007421016693115234,0.0,150.31640625,2025-07-27 08:19:01.508454
signal_generation_tiered,0.0040094852447509766,0.0,150.31640625,2025-07-27 08:19:01.548301
signal_generation_tiered,0.0033419132232666016,0.0,150.31640625,2025-07-27 08:19:01.584584
signal_generation_tiered,0.0052242279052734375,0.0,150.31640625,2025-07-27 08:19:01.624085
signal_generation_tiered,0.0035181045532226562,0.0,150.31640625,2025-07-27 08:19:01.648550
signal_generation_tiered,0.004589080810546875,0.0,150.31640625,2025-07-27 08:19:01.677279
signal_generation_tiered,0.0023915767669677734,0.0,150.31640625,2025-07-27 08:19:01.697360
signal_generation_tiered,0.002547740936279297,0.0,150.31640625,2025-07-27 08:19:01.719444
signal_generation_tiered,0.007135868072509766,0.0,150.31640625,2025-07-27 08:19:01.743175
signal_generation_tiered,0.002411365509033203,0.0,150.31640625,2025-07-27 08:19:01.767260
signal_generation_tiered,0.007405281066894531,0.0,150.31640625,2025-07-27 08:19:01.792433
signal_generation_tiered,0.0023314952850341797,0.0,150.31640625,2025-07-27 08:19:01.811705
signal_generation_tiered,0.004268169403076172,0.0,150.31640625,2025-07-27 08:19:01.835555
signal_generation_tiered,0.0025606155395507812,0.0,150.31640625,2025-07-27 08:19:01.862993
signal_generation_tiered,0.002915620803833008,0.0,150.31640625,2025-07-27 08:19:01.895022
signal_generation_tiered,0.004464149475097656,0.0,150.3203125,2025-07-27 08:19:01.921376
signal_generation_tiered,0.009001493453979492,0.0,150.3203125,2025-07-27 08:19:01.960649
signal_generation_tiered,0.0028352737426757812,0.0,150.33984375,2025-07-27 08:19:04.096126
signal_generation_tiered,0.00290679931640625,0.0,150.34375,2025-07-27 08:19:04.116891
signal_generation_tiered,0.00595855712890625,0.0,150.34375,2025-07-27 08:19:04.148696
signal_generation_tiered,0.004548788070678711,0.0,150.34375,2025-07-27 08:19:04.175521
signal_generation_tiered,0.0043103694915771484,0.0,150.34375,2025-07-27 08:19:04.197461
signal_generation_tiered,0.002166271209716797,0.0,150.34375,2025-07-27 08:19:04.216347
signal_generation_tiered,0.0029625892639160156,0.0,150.35546875,2025-07-27 08:19:04.234947
signal_generation_tiered,0.004115104675292969,0.0,150.359375,2025-07-27 08:19:04.260510
signal_generation_tiered,0.0023903846740722656,0.0,150.36328125,2025-07-27 08:19:04.283382
signal_generation_tiered,0.004022836685180664,0.0,150.3671875,2025-07-27 08:19:04.304990
signal_generation_tiered,0.0027365684509277344,0.0,150.37109375,2025-07-27 08:19:04.325486
signal_generation_tiered,0.0022156238555908203,0.0,150.375,2025-07-27 08:19:04.348587
signal_generation_tiered,0.00397491455078125,0.0,150.38671875,2025-07-27 08:19:04.370420
signal_generation_tiered,0.0031952857971191406,0.0,150.390625,2025-07-27 08:19:04.395370
signal_generation_tiered,0.004708766937255859,0.0,150.4140625,2025-07-27 08:19:06.351509
signal_generation_tiered,0.0027093887329101562,0.0,150.4140625,2025-07-27 08:19:06.381691
signal_generation_tiered,0.0030164718627929688,0.0,150.4140625,2025-07-27 08:19:06.404456
signal_generation_tiered,0.0022783279418945312,0.0,150.41796875,2025-07-27 08:19:06.429826
signal_generation_tiered,0.0026421546936035156,0.0,150.41796875,2025-07-27 08:19:06.450362
signal_generation_tiered,0.002483844757080078,0.0,150.421875,2025-07-27 08:19:06.469672
signal_generation_tiered,0.0038552284240722656,0.0,150.421875,2025-07-27 08:19:06.493133
signal_generation_tiered,0.0021004676818847656,0.0,150.421875,2025-07-27 08:19:06.512893
signal_generation_tiered,0.004834651947021484,0.0,150.4296875,2025-07-27 08:19:06.541659
signal_generation_tiered,0.002241849899291992,0.0,150.43359375,2025-07-27 08:19:06.565300
signal_generation_tiered,0.0022597312927246094,0.0,150.44140625,2025-07-27 08:19:06.585327
signal_generation_tiered,0.005858659744262695,0.0,150.44140625,2025-07-27 08:19:06.609538
signal_generation_tiered,0.002705812454223633,0.0,150.44140625,2025-07-27 08:19:06.630497
signal_generation_tiered,0.0027239322662353516,0.0,150.44921875,2025-07-27 08:19:06.652353
signal_generation_tiered,0.0035355091094970703,0.0,150.4609375,2025-07-27 08:19:06.675905
signal_generation_tiered,0.002635955810546875,0.0,150.46484375,2025-07-27 08:19:06.698536
signal_generation_tiered,0.0035681724548339844,0.0,150.484375,2025-07-27 08:19:06.720693
signal_generation_tiered,0.003875732421875,0.0,150.48828125,2025-07-27 08:19:06.738975
signal_generation_tiered,0.0037505626678466797,0.0,150.48828125,2025-07-27 08:19:06.757998
signal_generation_tiered,0.002204418182373047,0.0,150.4921875,2025-07-27 08:19:06.780453
signal_generation_tiered,0.002538442611694336,0.0,150.49609375,2025-07-27 08:19:06.800603
signal_generation_tiered,0.004595041275024414,0.0,150.5,2025-07-27 08:19:06.825410
signal_generation_tiered,0.002763509750366211,0.0,150.50390625,2025-07-27 08:19:06.848279
signal_generation_tiered,0.00257110595703125,0.0,150.5078125,2025-07-27 08:19:06.870741
signal_generation_tiered,0.002742767333984375,0.0,150.51171875,2025-07-27 08:19:06.892657
signal_generation_tiered,0.002330303192138672,0.0,150.5234375,2025-07-27 08:19:06.914003
signal_generation_tiered,0.002281665802001953,0.0,150.55859375,2025-07-27 08:19:06.932848
signal_generation_tiered,0.0041730403900146484,0.0,150.55859375,2025-07-27 08:19:06.955468
signal_generation_tiered,0.0033402442932128906,0.0,150.58203125,2025-07-27 08:19:08.986213
signal_generation_tiered,0.0046732425689697266,0.0,150.58203125,2025-07-27 08:19:09.006921
signal_generation_tiered,0.0031456947326660156,0.0,150.58203125,2025-07-27 08:19:09.030626
signal_generation_tiered,0.0054128170013427734,0.0,150.58203125,2025-07-27 08:19:09.056960
signal_generation_tiered,0.002287149429321289,0.0,150.58203125,2025-07-27 08:19:09.079519
signal_generation_tiered,0.002715587615966797,0.0,150.58203125,2025-07-27 08:19:09.099726
signal_generation_tiered,0.0022830963134765625,0.0,150.58984375,2025-07-27 08:19:09.118696
signal_generation_tiered,0.0047643184661865234,0.0,150.58984375,2025-07-27 08:19:09.142984
signal_generation_tiered,0.0022597312927246094,0.0,150.59375,2025-07-27 08:19:09.162919
signal_generation_tiered,0.0043141841888427734,0.0,150.59375,2025-07-27 08:19:09.188046
signal_generation_tiered,0.004179477691650391,0.0,150.59375,2025-07-27 08:19:09.209879
signal_generation_tiered,0.002375364303588867,0.0,150.59765625,2025-07-27 08:19:09.231122
signal_generation_tiered,0.003165006637573242,0.0,150.59765625,2025-07-27 08:19:09.252138
signal_generation_tiered,0.004352569580078125,0.0,150.6015625,2025-07-27 08:19:09.277274
signal_generation_tiered,0.0026865005493164062,0.0,150.7578125,2025-07-27 08:19:11.424073
signal_generation_tiered,0.003222227096557617,0.0,150.7578125,2025-07-27 08:19:11.445149
signal_generation_tiered,0.002378702163696289,0.0,150.76171875,2025-07-27 08:19:11.463850
signal_generation_tiered,0.004883289337158203,0.0,150.76171875,2025-07-27 08:19:11.490483
signal_generation_tiered,0.0034384727478027344,0.0,150.76171875,2025-07-27 08:19:11.512632
signal_generation_tiered,0.002331256866455078,0.0,150.765625,2025-07-27 08:19:11.533270
signal_generation_tiered,0.002742767333984375,0.0,150.765625,2025-07-27 08:19:11.552588
signal_generation_tiered,0.003083944320678711,0.0,150.765625,2025-07-27 08:19:11.573303
signal_generation_tiered,0.0032498836517333984,0.0,150.7734375,2025-07-27 08:19:11.595967
signal_generation_tiered,0.0022711753845214844,0.0,150.78515625,2025-07-27 08:19:11.614853
signal_generation_tiered,0.002511739730834961,0.0,150.78515625,2025-07-27 08:19:11.634038
signal_generation_tiered,0.0026390552520751953,0.0,150.78515625,2025-07-27 08:19:11.665718
signal_generation_tiered,0.004617452621459961,0.0,150.80859375,2025-07-27 08:19:13.669881
signal_generation_tiered,0.003515481948852539,0.0,150.8125,2025-07-27 08:19:13.692585
signal_generation_tiered,0.002537965774536133,0.0,150.82421875,2025-07-27 08:19:13.713043
signal_generation_tiered,0.0020842552185058594,0.0,150.84765625,2025-07-27 08:19:13.734100
signal_generation_tiered,0.0037369728088378906,0.0,150.84765625,2025-07-27 08:19:13.759036
signal_generation_tiered,0.0020799636840820312,0.0,150.8515625,2025-07-27 08:19:13.779030
signal_generation_tiered,0.0027723312377929688,0.0,150.8515625,2025-07-27 08:19:13.799670
signal_generation_tiered,0.004055023193359375,0.0,150.859375,2025-07-27 08:19:13.823928
signal_generation_tiered,0.0020384788513183594,0.0,150.89453125,2025-07-27 08:19:13.848021
signal_generation_tiered,0.0035843849182128906,0.0,150.89453125,2025-07-27 08:19:13.873931
signal_generation_tiered,0.0032782554626464844,0.0,150.89453125,2025-07-27 08:19:13.899881
signal_generation_tiered,0.0036611557006835938,0.0,150.8984375,2025-07-27 08:19:13.926265
signal_generation_tiered,0.002399444580078125,0.0,150.90625,2025-07-27 08:19:15.967511
signal_generation_tiered,0.002294301986694336,0.0,150.921875,2025-07-27 08:19:15.995578
signal_generation_tiered,0.0023114681243896484,0.0,150.921875,2025-07-27 08:19:16.016936
signal_generation_tiered,0.007980108261108398,0.0,150.92578125,2025-07-27 08:19:16.045969
signal_generation_tiered,0.0024373531341552734,0.0,150.9296875,2025-07-27 08:19:16.078295
signal_generation_tiered,0.0034530162811279297,0.0,150.9453125,2025-07-27 08:19:16.101099
signal_generation_tiered,0.009641408920288086,0.0,150.97265625,2025-07-27 08:19:16.142220
signal_generation_tiered,0.008950471878051758,0.0,150.98046875,2025-07-27 08:19:16.190786
signal_generation_tiered,0.008072137832641602,0.0,150.98046875,2025-07-27 08:19:16.236270
signal_generation_tiered,0.005987405776977539,0.0,150.984375,2025-07-27 08:19:16.278321
signal_generation_tiered,0.005134105682373047,0.0,151.01171875,2025-07-27 08:19:16.336206
signal_generation_tiered,0.006494760513305664,0.0,151.05078125,2025-07-27 08:19:16.379345
signal_generation_tiered,0.006543636322021484,0.0,151.05078125,2025-07-27 08:19:16.422920
signal_generation_tiered,0.006215810775756836,0.0,151.05078125,2025-07-27 08:19:16.465207
signal_generation_tiered,0.007726430892944336,0.0,151.0546875,2025-07-27 08:19:16.527531
signal_generation_tiered,0.0054399967193603516,0.0,151.08203125,2025-07-27 08:19:16.568845
signal_generation_tiered,0.004874467849731445,0.0,151.12890625,2025-07-27 08:19:16.648425
signal_generation_tiered,0.007421970367431641,0.0,151.12890625,2025-07-27 08:19:16.704806
signal_generation_tiered,0.002432584762573242,0.0,151.12890625,2025-07-27 08:19:16.749881
signal_generation_tiered,0.011069297790527344,0.0,151.13671875,2025-07-27 08:19:16.794252
signal_generation_tiered,0.0036504268646240234,0.0,151.21484375,2025-07-27 08:19:18.736103
signal_generation_tiered,0.005892515182495117,0.0,151.21484375,2025-07-27 08:19:18.758042
signal_generation_tiered,0.0026924610137939453,0.0,151.21484375,2025-07-27 08:19:18.779588
signal_generation_tiered,0.0023207664489746094,0.0,151.21484375,2025-07-27 08:19:18.799952
signal_generation_tiered,0.0045473575592041016,0.0,151.21875,2025-07-27 08:19:18.822661
signal_generation_tiered,0.005286455154418945,0.0,151.21875,2025-07-27 08:19:18.844176
signal_generation_tiered,0.0025207996368408203,0.0,151.21875,2025-07-27 08:19:18.863357
signal_generation_tiered,0.004675865173339844,0.0,151.22265625,2025-07-27 08:19:18.890886
signal_generation_tiered,0.0023937225341796875,0.0,151.2265625,2025-07-27 08:19:18.911531
signal_generation_tiered,0.004533290863037109,0.0,151.2265625,2025-07-27 08:19:18.935775
signal_generation_tiered,0.0026679039001464844,0.0,151.2265625,2025-07-27 08:19:18.963749
signal_generation_tiered,0.0049839019775390625,0.0,151.2265625,2025-07-27 08:19:18.989920
signal_generation_tiered,0.0035622119903564453,0.0,151.2265625,2025-07-27 08:19:19.008718
signal_generation_tiered,0.0023157596588134766,0.0,151.2265625,2025-07-27 08:19:19.027507
signal_generation_tiered,0.002411365509033203,0.0,151.234375,2025-07-27 08:19:19.045900
signal_generation_tiered,0.004275321960449219,0.0,151.234375,2025-07-27 08:19:19.075863
signal_generation_tiered,0.008507728576660156,0.0,151.23828125,2025-07-27 08:19:19.122022
signal_generation_tiered,0.00445246696472168,0.0,151.23828125,2025-07-27 08:19:19.177811
signal_generation_tiered,0.0049936771392822266,0.0,151.2421875,2025-07-27 08:19:19.216880
signal_generation_tiered,0.006707191467285156,0.0,151.2421875,2025-07-27 08:19:19.257446
signal_generation_tiered,0.005089759826660156,0.0,151.2421875,2025-07-27 08:19:19.297186
signal_generation_tiered,0.007718086242675781,0.0,151.2578125,2025-07-27 08:19:21.727931
signal_generation_tiered,0.002797842025756836,0.0,151.2578125,2025-07-27 08:19:21.760307
signal_generation_tiered,0.0035560131072998047,0.0,151.26171875,2025-07-27 08:19:21.786569
signal_generation_tiered,0.0022640228271484375,0.0,151.26171875,2025-07-27 08:19:21.810610
signal_generation_tiered,0.003954648971557617,0.0,151.26171875,2025-07-27 08:19:21.828804
signal_generation_tiered,0.003633737564086914,0.0,151.265625,2025-07-27 08:19:21.857530
signal_generation_tiered,0.0035049915313720703,0.0,151.265625,2025-07-27 08:19:21.876769
signal_generation_tiered,0.0032939910888671875,0.0,151.26953125,2025-07-27 08:19:21.898355
signal_generation_tiered,0.007006645202636719,0.0,151.2734375,2025-07-27 08:19:21.926587
signal_generation_tiered,0.003378152847290039,0.0,151.27734375,2025-07-27 08:19:21.963772
signal_generation_tiered,0.003014087677001953,0.0,151.27734375,2025-07-27 08:19:21.997075
signal_generation_tiered,0.006047248840332031,0.0,151.27734375,2025-07-27 08:19:22.028003
signal_generation_tiered,0.0051119327545166016,0.0,151.28125,2025-07-27 08:19:22.067341
signal_generation_tiered,0.007139682769775391,0.0,151.28125,2025-07-27 08:19:22.111234
signal_generation_tiered,0.005685329437255859,0.0,151.28515625,2025-07-27 08:19:22.148764
signal_generation_tiered,0.004678964614868164,0.0,151.5625,2025-07-27 08:19:23.928323
signal_generation_tiered,0.002187490463256836,0.0,151.56640625,2025-07-27 08:19:23.947956
signal_generation_tiered,0.003569364547729492,0.0,151.5703125,2025-07-27 08:19:23.968754
signal_generation_tiered,0.0038747787475585938,0.0,151.578125,2025-07-27 08:19:23.991549
signal_generation_tiered,0.0023610591888427734,0.0,151.578125,2025-07-27 08:19:24.012241
signal_generation_tiered,0.0025119781494140625,0.0,151.578125,2025-07-27 08:19:24.031576
signal_generation_tiered,0.004257917404174805,0.0,151.578125,2025-07-27 08:19:24.052725
signal_generation_tiered,0.002695798873901367,0.0,151.578125,2025-07-27 08:19:24.082727
signal_generation_tiered,0.0056400299072265625,0.0,151.58984375,2025-07-27 08:19:24.107827
signal_generation_tiered,0.0024025440216064453,0.0,151.6015625,2025-07-27 08:19:24.127345
signal_generation_tiered,0.0024619102478027344,0.0,151.60546875,2025-07-27 08:19:24.146097
signal_generation_tiered,0.002485990524291992,0.0,151.625,2025-07-27 08:19:26.292484
signal_generation_tiered,0.0023801326751708984,0.0,151.62890625,2025-07-27 08:19:26.311603
signal_generation_tiered,0.0020842552185058594,0.0,151.62890625,2025-07-27 08:19:26.331157
signal_generation_tiered,0.004832744598388672,0.0,151.65234375,2025-07-27 08:19:26.354164
signal_generation_tiered,0.004425764083862305,0.0,151.65625,2025-07-27 08:19:26.376370
signal_generation_tiered,0.002786874771118164,0.0,151.66015625,2025-07-27 08:19:26.396335
signal_generation_tiered,0.005778074264526367,0.0,151.66796875,2025-07-27 08:19:26.423348
signal_generation_tiered,0.003446340560913086,0.0,151.6875,2025-07-27 08:19:26.457434
signal_generation_tiered,0.002634763717651367,0.0,151.73046875,2025-07-27 08:19:26.478884
signal_generation_tiered,0.002961397171020508,0.0,151.75390625,2025-07-27 08:19:28.598467
signal_generation_tiered,0.004912376403808594,0.0,151.75390625,2025-07-27 08:19:28.624867
signal_generation_tiered,0.003106355667114258,0.0,151.75390625,2025-07-27 08:19:28.648106
signal_generation_tiered,0.002817869186401367,0.0,151.76953125,2025-07-27 08:19:28.679609
signal_generation_tiered,0.003998517990112305,0.0,151.8125,2025-07-27 08:19:28.701983
signal_generation_tiered,0.0029060840606689453,0.0,151.8125,2025-07-27 08:19:28.724186
signal_generation_tiered,0.004660129547119141,0.0,151.8125,2025-07-27 08:19:28.744006
signal_generation_tiered,0.0021038055419921875,0.0,151.8125,2025-07-27 08:19:28.764646
signal_generation_tiered,0.0048961639404296875,0.0,151.81640625,2025-07-27 08:19:28.790479
signal_generation_tiered,0.002874612808227539,0.0,151.81640625,2025-07-27 08:19:28.811380
signal_generation_tiered,0.0030107498168945312,0.0,151.81640625,2025-07-27 08:19:28.833423
signal_generation_tiered,0.0033271312713623047,0.0,151.81640625,2025-07-27 08:19:28.855913
signal_generation_tiered,0.002398252487182617,0.0,151.81640625,2025-07-27 08:19:28.877770
signal_generation_tiered,0.002343893051147461,0.0,151.81640625,2025-07-27 08:19:28.897632
signal_generation_tiered,0.004508495330810547,0.0,151.8203125,2025-07-27 08:19:28.921855
signal_generation_tiered,0.0023224353790283203,0.0,151.82421875,2025-07-27 08:19:28.944674
signal_generation_tiered,0.002269268035888672,0.0,151.82421875,2025-07-27 08:19:28.965395
signal_generation_tiered,0.003885030746459961,0.0,151.82421875,2025-07-27 08:19:28.987840
signal_generation_tiered,0.002930879592895508,0.0,151.828125,2025-07-27 08:19:29.011330
signal_generation_tiered,0.002279520034790039,0.0,151.83203125,2025-07-27 08:19:29.030907
signal_generation_tiered,0.004953861236572266,0.0,151.83984375,2025-07-27 08:19:29.054705
signal_generation_tiered,0.0032622814178466797,0.0,151.83984375,2025-07-27 08:19:29.075410
signal_generation_tiered,0.0025053024291992188,0.0,151.84375,2025-07-27 08:19:29.095191
signal_generation_tiered,0.003000020980834961,0.0,151.84375,2025-07-27 08:19:29.116768
backtest,0.0017621517181396484,0.0859375,144.75,2025-07-27 08:18:04.992910
backtest,0.0016109943389892578,0.00390625,144.8046875,2025-07-27 08:18:05.020720
backtest,0.002126455307006836,0.0,144.83203125,2025-07-27 08:18:05.045398
backtest,0.0019843578338623047,0.00390625,144.83984375,2025-07-27 08:18:05.069689
backtest,0.000850677490234375,0.0,144.875,2025-07-27 08:18:05.090310
backtest,0.0008838176727294922,0.00390625,144.921875,2025-07-27 08:18:05.110145
backtest,0.0010783672332763672,0.00390625,144.96875,2025-07-27 08:18:05.135240
backtest,0.0010879039764404297,0.0,145.00390625,2025-07-27 08:18:05.152710
backtest,0.001280069351196289,0.0,145.05078125,2025-07-27 08:18:05.171040
backtest,0.0009713172912597656,0.00390625,145.0546875,2025-07-27 08:18:05.189395
backtest,0.0008702278137207031,0.00390625,145.0625,2025-07-27 08:18:05.207680
backtest,0.0015194416046142578,0.0,145.0625,2025-07-27 08:18:05.228016
backtest,0.0016753673553466797,0.00390625,145.07421875,2025-07-27 08:18:05.253956
backtest,0.0009319782257080078,0.0,145.08203125,2025-07-27 08:18:05.274550
backtest,0.0015802383422851562,0.00390625,145.08984375,2025-07-27 08:18:05.295629
backtest,0.001028299331665039,0.0,145.09375,2025-07-27 08:18:05.318455
backtest,0.0012156963348388672,0.00390625,145.09765625,2025-07-27 08:18:05.337504
backtest,0.0008962154388427734,0.00390625,145.12109375,2025-07-27 08:18:05.356608
backtest,0.0008723735809326172,0.0,145.15234375,2025-07-27 08:18:05.376815
backtest,0.0011203289031982422,0.0,145.15234375,2025-07-27 08:18:05.401672
backtest,0.0008668899536132812,0.00390625,145.16015625,2025-07-27 08:18:05.422071
backtest,0.001127481460571289,0.00390625,145.16796875,2025-07-27 08:18:05.442079
backtest,0.0012738704681396484,0.0,145.18359375,2025-07-27 08:18:05.469539
backtest,0.0009224414825439453,0.0,145.22265625,2025-07-27 08:18:05.489507
backtest,0.0008995532989501953,0.0,145.22265625,2025-07-27 08:18:05.508574
backtest,0.002438783645629883,0.00390625,145.23046875,2025-07-27 08:18:05.534022
backtest,0.001008749008178711,0.00390625,145.23828125,2025-07-27 08:18:05.553228
backtest,0.0009281635284423828,0.0,145.2734375,2025-07-27 08:18:05.573321
backtest,0.0018596649169921875,0.0,145.3046875,2025-07-27 08:18:05.603679
backtest,0.0008809566497802734,0.00390625,145.30859375,2025-07-27 08:18:05.623405
backtest,0.0007870197296142578,0.0,145.30859375,2025-07-27 08:18:05.643150
backtest,0.0012941360473632812,0.00390625,145.3203125,2025-07-27 08:18:05.668783
backtest,0.001271963119506836,0.00390625,145.328125,2025-07-27 08:18:05.688888
backtest,0.0008082389831542969,0.0,145.328125,2025-07-27 08:18:05.709218
backtest,0.001560211181640625,0.0,145.328125,2025-07-27 08:18:05.730011
backtest,0.0017724037170410156,0.00390625,145.3359375,2025-07-27 08:18:05.755819
backtest,0.0020263195037841797,0.00390625,145.34765625,2025-07-27 08:18:05.778769
backtest,0.001005411148071289,0.0,145.359375,2025-07-27 08:18:05.803342
backtest,0.0011963844299316406,0.0,145.36328125,2025-07-27 08:18:05.824287
backtest,0.001422882080078125,0.00390625,145.3671875,2025-07-27 08:18:05.852500
backtest,0.002455472946166992,0.00390625,146.15625,2025-07-27 08:18:08.022898
backtest,0.002110719680786133,0.0,146.16015625,2025-07-27 08:18:08.057711
backtest,0.001584768295288086,0.00390625,146.16796875,2025-07-27 08:18:08.081904
backtest,0.0013680458068847656,0.0,146.16796875,2025-07-27 08:18:08.103176
backtest,0.002788066864013672,0.00390625,146.19140625,2025-07-27 08:18:08.128261
backtest,0.0018928050994873047,0.00390625,146.2265625,2025-07-27 08:18:08.164506
backtest,0.0053043365478515625,0.0,146.23828125,2025-07-27 08:18:08.203445
backtest,0.0008749961853027344,0.0,146.23828125,2025-07-27 08:18:08.225540
backtest,0.0012683868408203125,0.00390625,146.25,2025-07-27 08:18:08.254897
backtest,0.0010902881622314453,0.00390625,146.25390625,2025-07-27 08:18:08.291541
backtest,0.002329111099243164,0.0,146.26171875,2025-07-27 08:18:08.329598
backtest,0.0017986297607421875,0.0,146.3046875,2025-07-27 08:18:08.372735
backtest,0.0018410682678222656,0.00390625,146.3125,2025-07-27 08:18:08.406354
backtest,0.0016717910766601562,0.00390625,146.3203125,2025-07-27 08:18:08.441082
backtest,0.001255035400390625,0.0,146.328125,2025-07-27 08:18:08.472459
backtest,0.0012040138244628906,0.00390625,146.34765625,2025-07-27 08:18:08.493972
backtest,0.0025544166564941406,0.0,146.38671875,2025-07-27 08:18:08.519915
backtest,0.0012621879577636719,0.00390625,146.39453125,2025-07-27 08:18:08.542816
backtest,0.0012698173522949219,0.00390625,146.3984375,2025-07-27 08:18:08.562514
backtest,0.0010364055633544922,0.0,146.40234375,2025-07-27 08:18:08.591540
backtest,0.0030853748321533203,0.00390625,146.43359375,2025-07-27 08:18:08.617112
backtest,0.0008955001831054688,0.00390625,146.46875,2025-07-27 08:18:08.638339
backtest,0.0017766952514648438,0.00390625,146.515625,2025-07-27 08:18:08.658409
backtest,0.0009708404541015625,0.0,146.515625,2025-07-27 08:18:08.676411
backtest,0.0013377666473388672,0.00390625,146.51953125,2025-07-27 08:18:08.703108
backtest,0.0016620159149169922,0.0,146.51953125,2025-07-27 08:18:08.727134
backtest,0.002605915069580078,0.00390625,146.52734375,2025-07-27 08:18:08.761523
backtest,0.0026612281799316406,0.00390625,146.53515625,2025-07-27 08:18:08.800315
backtest,0.0028429031372070312,0.0,146.53515625,2025-07-27 08:18:08.833584
backtest,0.001882314682006836,0.0,146.53515625,2025-07-27 08:18:08.872733
backtest,0.0029544830322265625,0.00390625,146.54296875,2025-07-27 08:18:08.910367
backtest,0.0013082027435302734,0.0,146.546875,2025-07-27 08:18:08.937579
backtest,0.0050373077392578125,0.00390625,146.55859375,2025-07-27 08:18:08.986640
backtest,0.0018641948699951172,0.0,146.55859375,2025-07-27 08:18:09.021304
backtest,0.001069784164428711,0.00390625,146.5625,2025-07-27 08:18:09.054016
backtest,0.0015037059783935547,0.0,146.56640625,2025-07-27 08:18:09.080034
backtest,0.0014750957489013672,0.0,146.57421875,2025-07-27 08:18:09.103543
backtest,0.002434968948364258,0.0,146.59375,2025-07-27 08:18:09.134470
backtest,0.002732992172241211,0.0,146.59375,2025-07-27 08:18:09.174616
backtest,0.002194643020629883,0.00390625,146.6015625,2025-07-27 08:18:09.275494
backtest,0.0010509490966796875,0.0,146.6015625,2025-07-27 08:18:09.336281
backtest,0.005337238311767578,0.00390625,146.796875,2025-07-27 08:18:11.362374
backtest,0.0034224987030029297,0.0,146.796875,2025-07-27 08:18:11.385771
backtest,0.00102996826171875,0.0,146.796875,2025-07-27 08:18:11.403689
backtest,0.0008504390716552734,0.0,146.80859375,2025-07-27 08:18:11.424401
backtest,0.0012488365173339844,0.0,146.8359375,2025-07-27 08:18:11.447206
backtest,0.0014045238494873047,0.0,146.8359375,2025-07-27 08:18:11.469379
backtest,0.0014913082122802734,0.00390625,146.83984375,2025-07-27 08:18:11.487539
backtest,0.0008523464202880859,0.0,146.83984375,2025-07-27 08:18:11.507281
backtest,0.0019795894622802734,0.00390625,146.84375,2025-07-27 08:18:11.531830
backtest,0.0028107166290283203,0.0,146.84375,2025-07-27 08:18:11.611417
backtest,0.002064228057861328,0.00390625,146.84765625,2025-07-27 08:18:11.638371
backtest,0.0011730194091796875,0.0,146.84765625,2025-07-27 08:18:11.671583
backtest,0.0010683536529541016,0.0,146.84765625,2025-07-27 08:18:11.691018
backtest,0.0011525154113769531,0.0,146.84765625,2025-07-27 08:18:11.713295
backtest,0.0013651847839355469,0.00390625,146.8515625,2025-07-27 08:18:11.737372
backtest,0.0009233951568603516,0.0,146.8515625,2025-07-27 08:18:11.758541
backtest,0.0017380714416503906,0.00390625,146.85546875,2025-07-27 08:18:11.779893
backtest,0.0017054080963134766,0.0,146.85546875,2025-07-27 08:18:11.800448
backtest,0.0012669563293457031,0.00390625,146.859375,2025-07-27 08:18:11.820744
backtest,0.001394033432006836,0.0,146.86328125,2025-07-27 08:18:11.840655
backtest,0.0008349418640136719,0.00390625,146.8671875,2025-07-27 08:18:11.859429
backtest,0.0011768341064453125,0.0,146.8671875,2025-07-27 08:18:11.881456
backtest,0.0010640621185302734,0.00390625,146.875,2025-07-27 08:18:11.904251
backtest,0.0012154579162597656,0.0,146.8828125,2025-07-27 08:18:11.924083
backtest,0.0017461776733398438,0.00390625,146.91015625,2025-07-27 08:18:13.810824
backtest,0.0011682510375976562,0.00390625,146.9140625,2025-07-27 08:18:13.836372
backtest,0.0008206367492675781,0.0,146.9140625,2025-07-27 08:18:13.857262
backtest,0.0015115737915039062,0.0,146.9140625,2025-07-27 08:18:13.876755
backtest,0.001968860626220703,0.0,146.9140625,2025-07-27 08:18:13.900921
backtest,0.0011289119720458984,0.0,146.91796875,2025-07-27 08:18:13.919702
backtest,0.000993490219116211,0.0,146.91796875,2025-07-27 08:18:13.938495
backtest,0.0007615089416503906,0.0,146.91796875,2025-07-27 08:18:13.956924
backtest,0.0008032321929931641,0.00390625,146.93359375,2025-07-27 08:18:13.976021
backtest,0.002192974090576172,0.0,146.93359375,2025-07-27 08:18:13.999177
backtest,0.001321554183959961,0.0,146.93359375,2025-07-27 08:18:14.020188
backtest,0.0012044906616210938,0.0,146.93359375,2025-07-27 08:18:14.039459
backtest,0.0008077621459960938,0.00390625,146.9375,2025-07-27 08:18:14.058658
backtest,0.0017864704132080078,0.0078125,146.9453125,2025-07-27 08:18:14.081777
backtest,0.001697540283203125,0.0,146.9453125,2025-07-27 08:18:14.106251
backtest,0.0009624958038330078,0.0,146.94921875,2025-07-27 08:18:14.127338
backtest,0.002541065216064453,0.00390625,146.953125,2025-07-27 08:18:14.149112
backtest,0.0012423992156982422,0.00390625,146.96484375,2025-07-27 08:18:14.169352
backtest,0.0009186267852783203,0.00390625,146.99609375,2025-07-27 08:18:14.187319
backtest,0.0030031204223632812,0.0,147.0859375,2025-07-27 08:18:16.351956
backtest,0.0009963512420654297,0.0,147.0859375,2025-07-27 08:18:16.372597
backtest,0.002190828323364258,0.0,147.0859375,2025-07-27 08:18:16.395709
backtest,0.001089334487915039,0.0,147.0859375,2025-07-27 08:18:16.419634
backtest,0.000926971435546875,0.0,147.0859375,2025-07-27 08:18:16.439848
backtest,0.0022716522216796875,0.0,147.0859375,2025-07-27 08:18:16.461336
backtest,0.0017812252044677734,0.0,147.109375,2025-07-27 08:18:16.485840
backtest,0.0014204978942871094,0.00390625,147.13671875,2025-07-27 08:18:16.508710
backtest,0.0027053356170654297,0.00390625,147.17578125,2025-07-27 08:18:16.531296
backtest,0.0008616447448730469,0.0,147.17578125,2025-07-27 08:18:16.553465
backtest,0.0007951259613037109,0.00390625,147.1796875,2025-07-27 08:18:16.572517
backtest,0.0019114017486572266,0.0,147.18359375,2025-07-27 08:18:16.594899
backtest,0.001367807388305664,0.00390625,147.203125,2025-07-27 08:18:16.618490
backtest,0.0008149147033691406,0.0,147.234375,2025-07-27 08:18:16.639489
backtest,0.0015869140625,0.0,147.234375,2025-07-27 08:18:16.660824
backtest,0.0014138221740722656,0.00390625,147.23828125,2025-07-27 08:18:16.685876
backtest,0.0013701915740966797,0.00390625,147.24609375,2025-07-27 08:18:16.707664
backtest,0.001775503158569336,0.0078125,147.2734375,2025-07-27 08:18:16.740833
backtest,0.001973867416381836,0.0,147.30859375,2025-07-27 08:18:16.774085
backtest,0.0010745525360107422,0.0,147.30859375,2025-07-27 08:18:16.807642
backtest,0.0035572052001953125,0.00390625,147.3359375,2025-07-27 08:18:18.704791
backtest,0.0008432865142822266,0.0,147.3359375,2025-07-27 08:18:18.725114
backtest,0.004372119903564453,0.00390625,147.33984375,2025-07-27 08:18:18.751520
backtest,0.0010266304016113281,0.0,147.34375,2025-07-27 08:18:18.773227
backtest,0.0013637542724609375,0.00390625,147.34765625,2025-07-27 08:18:18.795299
backtest,0.0019202232360839844,0.0,147.3515625,2025-07-27 08:18:18.815468
backtest,0.0012938976287841797,0.0,147.3515625,2025-07-27 08:18:18.836191
backtest,0.0013005733489990234,0.00390625,147.35546875,2025-07-27 08:18:18.857450
backtest,0.0039980411529541016,0.0,147.35546875,2025-07-27 08:18:18.883308
backtest,0.0012593269348144531,0.0,147.35546875,2025-07-27 08:18:18.905940
backtest,0.0011546611785888672,0.00390625,147.359375,2025-07-27 08:18:18.929815
backtest,0.001317739486694336,0.00390625,147.3671875,2025-07-27 08:18:18.953860
backtest,0.0007970333099365234,0.0,147.3671875,2025-07-27 08:18:18.974747
backtest,0.0009572505950927734,0.0,147.375,2025-07-27 08:18:18.994318
backtest,0.0023064613342285156,0.00390625,147.37890625,2025-07-27 08:18:19.022928
backtest,0.002051115036010742,0.00390625,147.3828125,2025-07-27 08:18:19.063537
backtest,0.001974344253540039,0.0,147.38671875,2025-07-27 08:18:19.108040
backtest,0.002799510955810547,0.00390625,147.3984375,2025-07-27 08:18:19.148344
backtest,0.003335237503051758,0.0,147.41015625,2025-07-27 08:18:19.191532
backtest,0.001583099365234375,0.0,147.41015625,2025-07-27 08:18:19.230232
backtest,0.0012526512145996094,0.00390625,147.4140625,2025-07-27 08:18:19.256874
backtest,0.003018617630004883,0.00390625,147.42578125,2025-07-27 08:18:19.291956
backtest,0.003231525421142578,0.00390625,147.4453125,2025-07-27 08:18:19.332459
backtest,0.0026044845581054688,0.00390625,147.48046875,2025-07-27 08:18:19.378819
backtest,0.002441883087158203,0.00390625,147.484375,2025-07-27 08:18:19.417350
backtest,0.000965118408203125,0.0,147.4921875,2025-07-27 08:18:19.438251
backtest,0.0010437965393066406,0.00390625,147.671875,2025-07-27 08:18:21.941604
backtest,0.0012400150299072266,0.00390625,147.69140625,2025-07-27 08:18:21.967017
backtest,0.0008924007415771484,0.0,147.73046875,2025-07-27 08:18:21.989737
backtest,0.0009686946868896484,0.0,147.73046875,2025-07-27 08:18:22.008385
backtest,0.00592041015625,0.00390625,147.734375,2025-07-27 08:18:22.052718
backtest,0.0014119148254394531,0.00390625,147.73828125,2025-07-27 08:18:22.120391
backtest,0.0007953643798828125,0.0,147.75,2025-07-27 08:18:22.136878
backtest,0.0007646083831787109,0.0,147.79296875,2025-07-27 08:18:22.153802
backtest,0.0008916854858398438,0.00390625,147.80078125,2025-07-27 08:18:22.172922
backtest,0.0019888877868652344,0.00390625,147.8046875,2025-07-27 08:18:22.205441
backtest,0.0014109611511230469,0.0,147.8046875,2025-07-27 08:18:22.234883
backtest,0.0022869110107421875,0.00390625,147.828125,2025-07-27 08:18:22.263079
backtest,0.0022134780883789062,0.0,147.86328125,2025-07-27 08:18:22.307758
backtest,0.003078937530517578,0.00390625,147.8671875,2025-07-27 08:18:22.351046
backtest,0.0024232864379882812,0.0,147.8671875,2025-07-27 08:18:22.384459
backtest,0.0015821456909179688,0.00390625,147.87890625,2025-07-27 08:18:22.417113
backtest,0.0009355545043945312,0.00390625,147.9140625,2025-07-27 08:18:22.434939
backtest,0.0008051395416259766,0.0,147.94921875,2025-07-27 08:18:22.455003
backtest,0.0009794235229492188,0.0,147.94921875,2025-07-27 08:18:22.485027
backtest,0.0033545494079589844,0.0,148.42578125,2025-07-27 08:18:24.427844
backtest,0.002135753631591797,0.0,148.42578125,2025-07-27 08:18:24.450149
backtest,0.0009853839874267578,0.0,148.4453125,2025-07-27 08:18:24.473927
backtest,0.00099945068359375,0.0,148.46484375,2025-07-27 08:18:24.518370
backtest,0.001468658447265625,0.0,148.46484375,2025-07-27 08:18:24.536882
backtest,0.0019779205322265625,0.00390625,148.47265625,2025-07-27 08:18:24.560635
backtest,0.001256704330444336,0.0,148.4765625,2025-07-27 08:18:24.580089
backtest,0.0009722709655761719,0.0,148.51171875,2025-07-27 08:18:24.600856
backtest,0.0010151863098144531,0.00390625,148.55859375,2025-07-27 08:18:24.620459
backtest,0.000732421875,0.0,148.58203125,2025-07-27 08:18:24.638107
backtest,0.0007839202880859375,0.0,148.58203125,2025-07-27 08:18:24.656584
backtest,0.0021505355834960938,0.00390625,148.609375,2025-07-27 08:18:26.577836
backtest,0.0011143684387207031,0.0,148.609375,2025-07-27 08:18:26.607183
backtest,0.0015070438385009766,0.00390625,148.61328125,2025-07-27 08:18:26.635364
backtest,0.0008528232574462891,0.0,148.625,2025-07-27 08:18:26.655393
backtest,0.0017118453979492188,0.0,148.625,2025-07-27 08:18:26.675649
backtest,0.0020787715911865234,0.0,148.625,2025-07-27 08:18:26.707158
backtest,0.003356456756591797,0.0,148.625,2025-07-27 08:18:26.740080
backtest,0.0020456314086914062,0.0,148.625,2025-07-27 08:18:26.761619
backtest,0.0011754035949707031,0.0,148.625,2025-07-27 08:18:26.784724
backtest,0.0022149085998535156,0.0,148.625,2025-07-27 08:18:26.809232
backtest,0.0009877681732177734,0.0,148.625,2025-07-27 08:18:26.838503
backtest,0.0008547306060791016,0.00390625,148.62890625,2025-07-27 08:18:26.870327
backtest,0.0018849372863769531,0.0,148.62890625,2025-07-27 08:18:26.894618
backtest,0.001649618148803711,0.00390625,148.6328125,2025-07-27 08:18:26.917741
backtest,0.0010068416595458984,0.0,148.7734375,2025-07-27 08:18:29.606402
backtest,0.002227783203125,0.0,148.7734375,2025-07-27 08:18:29.632395
backtest,0.0013384819030761719,0.0,148.7734375,2025-07-27 08:18:29.650396
backtest,0.0012807846069335938,0.0,148.7734375,2025-07-27 08:18:29.667659
backtest,0.0008885860443115234,0.0,148.7734375,2025-07-27 08:18:29.687790
backtest,0.0007879734039306641,0.0,148.7734375,2025-07-27 08:18:29.705621
backtest,0.0019469261169433594,0.00390625,148.77734375,2025-07-27 08:18:29.725686
backtest,0.0010080337524414062,0.00390625,148.78515625,2025-07-27 08:18:29.744968
backtest,0.0015146732330322266,0.0,148.78515625,2025-07-27 08:18:29.767183
backtest,0.0016934871673583984,0.0,148.78515625,2025-07-27 08:18:29.784966
backtest,0.0009398460388183594,0.0,148.7890625,2025-07-27 08:18:29.803588
backtest,0.0010313987731933594,0.0,148.79296875,2025-07-27 08:18:29.824089
backtest,0.001443624496459961,0.00390625,148.796875,2025-07-27 08:18:29.850583
backtest,0.000850677490234375,0.0,148.80078125,2025-07-27 08:18:29.870293
backtest,0.0013918876647949219,0.00390625,148.80859375,2025-07-27 08:18:29.892002
backtest,0.0011227130889892578,0.00390625,148.8125,2025-07-27 08:18:29.917214
backtest,0.0014348030090332031,0.0,148.8125,2025-07-27 08:18:29.936288
backtest,0.0034589767456054688,0.0,148.90234375,2025-07-27 08:18:32.519879
backtest,0.0010344982147216797,0.0,148.90234375,2025-07-27 08:18:32.539165
backtest,0.0011210441589355469,0.00390625,148.91015625,2025-07-27 08:18:32.559786
backtest,0.0011265277862548828,0.0,148.91015625,2025-07-27 08:18:32.582632
backtest,0.0009508132934570312,0.0,148.91015625,2025-07-27 08:18:32.605928
backtest,0.0019381046295166016,0.00390625,148.9140625,2025-07-27 08:18:32.626653
backtest,0.0011262893676757812,0.00390625,148.91796875,2025-07-27 08:18:32.653571
backtest,0.0013244152069091797,0.0,148.91796875,2025-07-27 08:18:32.689183
backtest,0.002948284149169922,0.0,148.92578125,2025-07-27 08:18:32.724951
backtest,0.0021152496337890625,0.0,148.92578125,2025-07-27 08:18:32.756023
backtest,0.0021224021911621094,0.00390625,148.9296875,2025-07-27 08:18:32.797435
backtest,0.003078460693359375,0.0,148.9296875,2025-07-27 08:18:32.831051
backtest,0.0012891292572021484,0.00390625,148.93359375,2025-07-27 08:18:32.863274
backtest,0.00093841552734375,0.0,148.93359375,2025-07-27 08:18:32.883635
backtest,0.0013930797576904297,0.0,148.96875,2025-07-27 08:18:35.740723
backtest,0.002865314483642578,0.0,148.96875,2025-07-27 08:18:35.763417
backtest,0.0012421607971191406,0.0,148.96875,2025-07-27 08:18:35.783951
backtest,0.0009675025939941406,0.0,148.97265625,2025-07-27 08:18:35.805502
backtest,0.001191854476928711,0.00390625,148.99609375,2025-07-27 08:18:35.839335
backtest,0.0012273788452148438,0.0,149.0,2025-07-27 08:18:35.861828
backtest,0.0013458728790283203,0.0,149.0,2025-07-27 08:18:35.884948
backtest,0.0017666816711425781,0.00390625,149.00390625,2025-07-27 08:18:35.906557
backtest,0.0037038326263427734,0.0,149.00390625,2025-07-27 08:18:35.930428
backtest,0.0008945465087890625,0.00390625,149.01171875,2025-07-27 08:18:35.953908
backtest,0.0018804073333740234,0.0,149.046875,2025-07-27 08:18:35.977139
backtest,0.0009014606475830078,0.00390625,149.05078125,2025-07-27 08:18:36.003406
backtest,0.0020589828491210938,0.0,149.05078125,2025-07-27 08:18:36.027259
backtest,0.003813028335571289,0.00390625,149.0546875,2025-07-27 08:18:36.066575
backtest,0.0029380321502685547,0.00390625,149.05859375,2025-07-27 08:18:36.098124
backtest,0.00211334228515625,0.0,149.08203125,2025-07-27 08:18:36.128202
backtest,0.0013339519500732422,0.0,149.08203125,2025-07-27 08:18:36.155658
backtest,0.0019388198852539062,0.0,149.0859375,2025-07-27 08:18:36.187842
backtest,0.001378774642944336,0.00390625,149.09765625,2025-07-27 08:18:36.237998
backtest,0.0013594627380371094,0.00390625,149.12109375,2025-07-27 08:18:36.267960
backtest,0.001390218734741211,0.0,149.16015625,2025-07-27 08:18:36.291832
backtest,0.0019788742065429688,0.0,149.16796875,2025-07-27 08:18:36.312724
backtest,0.002420663833618164,0.0,149.19140625,2025-07-27 08:18:38.687909
backtest,0.002663850784301758,0.00390625,149.1953125,2025-07-27 08:18:38.727905
backtest,0.002187013626098633,0.0,149.1953125,2025-07-27 08:18:38.756484
backtest,0.004170894622802734,0.0,149.1953125,2025-07-27 08:18:38.799269
backtest,0.0014030933380126953,0.0,149.1953125,2025-07-27 08:18:38.827948
backtest,0.0022535324096679688,0.0,149.1953125,2025-07-27 08:18:38.861947
backtest,0.0027163028717041016,0.0,149.1953125,2025-07-27 08:18:38.907175
backtest,0.0034897327423095703,0.00390625,149.19921875,2025-07-27 08:18:38.948635
backtest,0.0035719871520996094,0.0,149.19921875,2025-07-27 08:18:38.990710
backtest,0.0031964778900146484,0.00390625,149.203125,2025-07-27 08:18:39.048329
backtest,0.003175020217895508,0.0,149.203125,2025-07-27 08:18:39.094075
backtest,0.0018677711486816406,0.0,149.203125,2025-07-27 08:18:39.125562
backtest,0.0015957355499267578,0.0,149.2109375,2025-07-27 08:18:39.165859
backtest,0.0017848014831542969,0.0,149.2109375,2025-07-27 08:18:39.194190
backtest,0.0020453929901123047,0.0,149.2109375,2025-07-27 08:18:39.224049
backtest,0.0035076141357421875,0.00390625,149.21484375,2025-07-27 08:18:39.257856
backtest,0.0020775794982910156,0.00390625,149.21875,2025-07-27 08:18:39.319754
backtest,0.0018074512481689453,0.0,149.42578125,2025-07-27 08:18:41.732864
backtest,0.0009999275207519531,0.0,149.42578125,2025-07-27 08:18:41.750663
backtest,0.0007803440093994141,0.0,149.43359375,2025-07-27 08:18:41.771904
backtest,0.0014843940734863281,0.00390625,149.4375,2025-07-27 08:18:41.802436
backtest,0.0015060901641845703,0.0,149.44921875,2025-07-27 08:18:43.960428
backtest,0.0009393692016601562,0.00390625,149.45703125,2025-07-27 08:18:43.986013
backtest,0.0015857219696044922,0.00390625,149.4609375,2025-07-27 08:18:44.008253
backtest,0.0012311935424804688,0.0,149.4609375,2025-07-27 08:18:44.033546
backtest,0.0012104511260986328,0.0,149.4609375,2025-07-27 08:18:44.053272
backtest,0.0026934146881103516,0.0,149.4609375,2025-07-27 08:18:44.110095
backtest,0.001505136489868164,0.0,149.4609375,2025-07-27 08:18:44.137814
backtest,0.0015726089477539062,0.0,149.46484375,2025-07-27 08:18:44.171017
backtest,0.002307415008544922,0.0,149.4765625,2025-07-27 08:18:44.211766
backtest,0.0024614334106445312,0.00390625,149.48046875,2025-07-27 08:18:44.252801
backtest,0.0018007755279541016,0.00390625,149.5078125,2025-07-27 08:18:46.373068
backtest,0.0012891292572021484,0.0,149.5078125,2025-07-27 08:18:46.398179
backtest,0.0008952617645263672,0.0,149.5078125,2025-07-27 08:18:46.419123
backtest,0.0011286735534667969,0.0,149.51953125,2025-07-27 08:18:46.450025
backtest,0.0008885860443115234,0.0,149.51953125,2025-07-27 08:18:46.469322
backtest,0.001317739486694336,0.00390625,149.5234375,2025-07-27 08:18:46.489921
backtest,0.002045154571533203,0.00390625,149.55078125,2025-07-27 08:18:48.412956
backtest,0.0008397102355957031,0.0,149.55859375,2025-07-27 08:18:48.437304
backtest,0.001928567886352539,0.0,149.5703125,2025-07-27 08:18:48.466510
backtest,0.0007581710815429688,0.00390625,149.57421875,2025-07-27 08:18:48.485455
backtest,0.0015876293182373047,0.0,149.57421875,2025-07-27 08:18:48.506413
backtest,0.0008652210235595703,0.00390625,149.578125,2025-07-27 08:18:48.533075
backtest,0.0008039474487304688,0.0078125,149.59375,2025-07-27 08:18:48.552379
backtest,0.0013730525970458984,0.00390625,149.62890625,2025-07-27 08:18:48.574557
backtest,0.0013117790222167969,0.00390625,149.65234375,2025-07-27 08:18:50.546041
backtest,0.0034093856811523438,0.00390625,149.65625,2025-07-27 08:18:50.579229
backtest,0.002832174301147461,0.00390625,149.66015625,2025-07-27 08:18:50.611074
backtest,0.0009655952453613281,0.0078125,149.67578125,2025-07-27 08:18:50.633405
backtest,0.0037224292755126953,0.0,149.703125,2025-07-27 08:18:50.662160
backtest,0.0013270378112792969,0.00390625,149.70703125,2025-07-27 08:18:50.686428
backtest,0.0017044544219970703,0.00390625,149.7109375,2025-07-27 08:18:50.716485
backtest,0.0016984939575195312,0.0,149.71484375,2025-07-27 08:18:50.748882
backtest,0.0013365745544433594,0.00390625,149.75,2025-07-27 08:18:50.781042
backtest,0.002897024154663086,0.0,149.79296875,2025-07-27 08:18:50.807352
backtest,0.0009844303131103516,0.00390625,149.796875,2025-07-27 08:18:50.830284
backtest,0.0008234977722167969,0.0,149.796875,2025-07-27 08:18:50.850642
backtest,0.003342866897583008,0.00390625,149.80078125,2025-07-27 08:18:50.875210
backtest,0.0009741783142089844,0.0,149.8125,2025-07-27 08:18:50.896540
backtest,0.0016193389892578125,0.00390625,149.859375,2025-07-27 08:18:50.916222
backtest,0.0017154216766357422,0.0,149.87109375,2025-07-27 08:18:50.946310
backtest,0.002007722854614258,0.0,149.87109375,2025-07-27 08:18:50.975118
backtest,0.004168033599853516,0.0,149.890625,2025-07-27 08:18:53.138524
backtest,0.0009946823120117188,0.00390625,149.89453125,2025-07-27 08:18:53.165190
backtest,0.0008420944213867188,0.0,149.89453125,2025-07-27 08:18:53.185626
backtest,0.0029795169830322266,0.0,149.89453125,2025-07-27 08:18:53.209429
backtest,0.001451730728149414,0.00390625,149.8984375,2025-07-27 08:18:53.233200
backtest,0.0008625984191894531,0.0,149.8984375,2025-07-27 08:18:53.252737
backtest,0.0018951892852783203,0.0,149.8984375,2025-07-27 08:18:53.282545
backtest,0.0016367435455322266,0.00390625,149.90234375,2025-07-27 08:18:53.315281
backtest,0.0018897056579589844,0.0,149.90234375,2025-07-27 08:18:53.346870
backtest,0.004815578460693359,0.00390625,149.90625,2025-07-27 08:18:53.378257
backtest,0.0008268356323242188,0.0,149.90625,2025-07-27 08:18:53.402246
backtest,0.0036067962646484375,0.00390625,149.91015625,2025-07-27 08:18:53.425697
backtest,0.0018236637115478516,0.00390625,149.9140625,2025-07-27 08:18:53.445758
backtest,0.0008904933929443359,0.0,149.9140625,2025-07-27 08:18:53.466969
backtest,0.0034852027893066406,0.0,149.9140625,2025-07-27 08:18:53.491690
backtest,0.0010051727294921875,0.00390625,149.921875,2025-07-27 08:18:53.513989
backtest,0.0009684562683105469,0.00390625,149.92578125,2025-07-27 08:18:53.533385
backtest,0.0013582706451416016,0.0,149.93359375,2025-07-27 08:18:53.554663
backtest,0.0011703968048095703,0.0,149.94140625,2025-07-27 08:18:53.578801
backtest,0.0008575916290283203,0.00390625,149.9453125,2025-07-27 08:18:53.602020
backtest,0.0021104812622070312,0.00390625,149.94921875,2025-07-27 08:18:53.628670
backtest,0.0038645267486572266,0.0,149.97265625,2025-07-27 08:18:56.079735
backtest,0.0014004707336425781,0.00390625,149.9765625,2025-07-27 08:18:56.103706
backtest,0.0015015602111816406,0.0,149.9765625,2025-07-27 08:18:56.130504
backtest,0.0033910274505615234,0.00390625,149.98046875,2025-07-27 08:18:56.156709
backtest,0.0010025501251220703,0.0,149.98046875,2025-07-27 08:18:56.180765
backtest,0.0020225048065185547,0.00390625,149.984375,2025-07-27 08:18:56.202594
backtest,0.0012447834014892578,0.0,149.9921875,2025-07-27 08:18:56.229806
backtest,0.001302957534790039,0.0,150.0,2025-07-27 08:18:56.262845
backtest,0.0019409656524658203,0.0,150.0,2025-07-27 08:18:56.293205
backtest,0.0010805130004882812,0.00390625,150.00390625,2025-07-27 08:18:56.320014
backtest,0.001641988754272461,0.00390625,150.0078125,2025-07-27 08:18:56.345963
backtest,0.0010564327239990234,0.00390625,150.015625,2025-07-27 08:18:56.365153
backtest,0.0020084381103515625,0.00390625,150.0234375,2025-07-27 08:18:56.390717
backtest,0.001219034194946289,0.0,150.02734375,2025-07-27 08:18:56.417372
backtest,0.0011477470397949219,0.0,150.03125,2025-07-27 08:18:56.446657
backtest,0.0010738372802734375,0.0,150.03125,2025-07-27 08:18:56.469621
backtest,0.0018405914306640625,0.00390625,150.06640625,2025-07-27 08:18:58.680289
backtest,0.0014219284057617188,0.00390625,150.078125,2025-07-27 08:18:58.702370
backtest,0.0015377998352050781,0.0,150.078125,2025-07-27 08:18:58.724291
backtest,0.0011425018310546875,0.0,150.078125,2025-07-27 08:18:58.747634
backtest,0.0007827281951904297,0.00390625,150.08203125,2025-07-27 08:18:58.765791
backtest,0.0007688999176025391,0.0,150.0859375,2025-07-27 08:18:58.783714
backtest,0.0008029937744140625,0.00390625,150.1015625,2025-07-27 08:18:58.801789
backtest,0.0017242431640625,0.0,150.12109375,2025-07-27 08:18:58.822081
backtest,0.0026350021362304688,0.0,150.12109375,2025-07-27 08:18:58.843465
backtest,0.002408742904663086,0.00390625,150.125,2025-07-27 08:18:58.861853
backtest,0.0009953975677490234,0.0,150.125,2025-07-27 08:18:58.880395
backtest,0.000949859619140625,0.00390625,150.1328125,2025-07-27 08:18:58.899441
backtest,0.0007565021514892578,0.00390625,150.1640625,2025-07-27 08:18:58.916902
backtest,0.0007905960083007812,0.0,150.16796875,2025-07-27 08:18:58.935888
backtest,0.0013613700866699219,0.0,150.16796875,2025-07-27 08:18:58.955482
backtest,0.0015671253204345703,0.0,150.171875,2025-07-27 08:18:58.976614
backtest,0.0011556148529052734,0.00390625,150.1796875,2025-07-27 08:18:58.998280
backtest,0.000982046127319336,0.0,150.1953125,2025-07-27 08:18:59.017375
backtest,0.0018095970153808594,0.0,150.23046875,2025-07-27 08:18:59.037731
backtest,0.0012934207916259766,0.00390625,150.23828125,2025-07-27 08:18:59.063557
backtest,0.0012230873107910156,0.0,150.23828125,2025-07-27 08:18:59.083465
backtest,0.002134561538696289,0.00390625,150.2421875,2025-07-27 08:18:59.105146
backtest,0.003428220748901367,0.00390625,150.25,2025-07-27 08:18:59.128387
backtest,0.0008296966552734375,0.0,150.2890625,2025-07-27 08:18:59.148652
backtest,0.0008318424224853516,0.0,150.2890625,2025-07-27 08:18:59.168773
backtest,0.003017902374267578,0.0,150.31640625,2025-07-27 08:19:01.325737
backtest,0.007556438446044922,0.0,150.31640625,2025-07-27 08:19:01.360391
backtest,0.0017251968383789062,0.00390625,150.31640625,2025-07-27 08:19:01.398275
backtest,0.001676797866821289,0.0,150.31640625,2025-07-27 08:19:01.434920
backtest,0.007421255111694336,0.00390625,150.31640625,2025-07-27 08:19:01.476880
backtest,0.0016183853149414062,0.0,150.31640625,2025-07-27 08:19:01.512448
backtest,0.001491546630859375,0.00390625,150.31640625,2025-07-27 08:19:01.551606
backtest,0.0025119781494140625,0.0,150.31640625,2025-07-27 08:19:01.594158
backtest,0.0012502670288085938,0.0,150.31640625,2025-07-27 08:19:01.628367
backtest,0.0014290809631347656,0.0,150.31640625,2025-07-27 08:19:01.651321
backtest,0.0010497570037841797,0.0,150.31640625,2025-07-27 08:19:01.679647
backtest,0.0008199214935302734,0.0,150.31640625,2025-07-27 08:19:01.699028
backtest,0.0034897327423095703,0.0,150.31640625,2025-07-27 08:19:01.726276
backtest,0.001028299331665039,0.00390625,150.31640625,2025-07-27 08:19:01.745717
backtest,0.0008788108825683594,0.0,150.31640625,2025-07-27 08:19:01.769129
backtest,0.0014171600341796875,0.0,150.31640625,2025-07-27 08:19:01.795483
backtest,0.0012714862823486328,0.00390625,150.31640625,2025-07-27 08:19:01.814217
backtest,0.0037903785705566406,0.00390625,150.31640625,2025-07-27 08:19:01.842618
backtest,0.0013697147369384766,0.0,150.31640625,2025-07-27 08:19:01.865698
backtest,0.0009207725524902344,0.00390625,150.3203125,2025-07-27 08:19:01.896931
backtest,0.002320528030395508,0.0,150.3203125,2025-07-27 08:19:01.928269
backtest,0.0020411014556884766,0.0,150.3203125,2025-07-27 08:19:01.964801
backtest,0.001012563705444336,0.00390625,150.34375,2025-07-27 08:19:04.098230
backtest,0.0020198822021484375,0.0,150.34375,2025-07-27 08:19:04.120294
backtest,0.0016760826110839844,0.0,150.34375,2025-07-27 08:19:04.152253
backtest,0.001068115234375,0.0,150.34375,2025-07-27 08:19:04.179878
backtest,0.0008037090301513672,0.0,150.34375,2025-07-27 08:19:04.199307
backtest,0.0008313655853271484,0.0,150.34375,2025-07-27 08:19:04.218292
backtest,0.0016827583312988281,0.0,150.35546875,2025-07-27 08:19:04.238161
backtest,0.0016446113586425781,0.0,150.359375,2025-07-27 08:19:04.265450
backtest,0.0008027553558349609,0.0,150.36328125,2025-07-27 08:19:04.285376
backtest,0.0015256404876708984,0.0,150.3671875,2025-07-27 08:19:04.308829
backtest,0.0014698505401611328,0.00390625,150.375,2025-07-27 08:19:04.330841
backtest,0.0007848739624023438,0.00390625,150.37890625,2025-07-27 08:19:04.350365
backtest,0.0021507740020751953,0.0,150.38671875,2025-07-27 08:19:04.376703
backtest,0.002048492431640625,0.00390625,150.39453125,2025-07-27 08:19:04.398736
backtest,0.003270387649536133,0.0,150.4140625,2025-07-27 08:19:06.362423
backtest,0.0010669231414794922,0.0,150.4140625,2025-07-27 08:19:06.384176
backtest,0.003734588623046875,0.00390625,150.41796875,2025-07-27 08:19:06.410977
backtest,0.0008606910705566406,0.0,150.41796875,2025-07-27 08:19:06.431759
backtest,0.0015032291412353516,0.0,150.41796875,2025-07-27 08:19:06.452770
backtest,0.0018737316131591797,0.0,150.421875,2025-07-27 08:19:06.473740
backtest,0.0009715557098388672,0.0,150.421875,2025-07-27 08:19:06.496151
backtest,0.0010640621185302734,0.0,150.421875,2025-07-27 08:19:06.515136
backtest,0.0012824535369873047,0.0,150.4296875,2025-07-27 08:19:06.546819
backtest,0.0008134841918945312,0.00390625,150.4375,2025-07-27 08:19:06.566986
backtest,0.0015120506286621094,0.0,150.44140625,2025-07-27 08:19:06.588867
backtest,0.0014872550964355469,0.0,150.44140625,2025-07-27 08:19:06.613498
backtest,0.0009543895721435547,0.00390625,150.4453125,2025-07-27 08:19:06.632555
backtest,0.0017156600952148438,0.00390625,150.453125,2025-07-27 08:19:06.657405
backtest,0.001093149185180664,0.0,150.4609375,2025-07-27 08:19:06.680169
backtest,0.0008835792541503906,0.00390625,150.46875,2025-07-27 08:19:06.700863
backtest,0.0013129711151123047,0.0,150.484375,2025-07-27 08:19:06.723499
backtest,0.0019495487213134766,0.0,150.48828125,2025-07-27 08:19:06.742523
backtest,0.0010039806365966797,0.00390625,150.4921875,2025-07-27 08:19:06.762373
backtest,0.0013265609741210938,0.00390625,150.49609375,2025-07-27 08:19:06.783019
backtest,0.002500772476196289,0.0,150.49609375,2025-07-27 08:19:06.804323
backtest,0.001056671142578125,0.0,150.5,2025-07-27 08:19:06.829316
backtest,0.0008673667907714844,0.00390625,150.5078125,2025-07-27 08:19:06.850625
backtest,0.0012836456298828125,0.00390625,150.51171875,2025-07-27 08:19:06.873927
backtest,0.0015096664428710938,0.0,150.51171875,2025-07-27 08:19:06.896308
backtest,0.0008900165557861328,0.00390625,150.52734375,2025-07-27 08:19:06.915982
backtest,0.0007491111755371094,0.0,150.55859375,2025-07-27 08:19:06.934749
backtest,0.0035796165466308594,0.0,150.55859375,2025-07-27 08:19:06.960306
backtest,0.0025000572204589844,0.0,150.58203125,2025-07-27 08:19:08.990587
backtest,0.0019223690032958984,0.0,150.58203125,2025-07-27 08:19:09.011773
backtest,0.0008547306060791016,0.0,150.58203125,2025-07-27 08:19:09.033230
backtest,0.0011258125305175781,0.0,150.58203125,2025-07-27 08:19:09.061295
backtest,0.0007917881011962891,0.0,150.58203125,2025-07-27 08:19:09.081533
backtest,0.0008349418640136719,0.00390625,150.5859375,2025-07-27 08:19:09.101823
backtest,0.0038149356842041016,0.0,150.58984375,2025-07-27 08:19:09.126209
backtest,0.0010833740234375,0.00390625,150.59375,2025-07-27 08:19:09.145586
backtest,0.0009698867797851562,0.0,150.59375,2025-07-27 08:19:09.165358
backtest,0.0016431808471679688,0.0,150.59375,2025-07-27 08:19:09.192822
backtest,0.0009763240814208984,0.0,150.59375,2025-07-27 08:19:09.212318
backtest,0.0007655620574951172,0.0,150.59765625,2025-07-27 08:19:09.233065
backtest,0.0012905597686767578,0.0,150.59765625,2025-07-27 08:19:09.257423
backtest,0.001613616943359375,0.00390625,150.60546875,2025-07-27 08:19:09.280666
backtest,0.0009953975677490234,0.0,150.7578125,2025-07-27 08:19:11.428040
backtest,0.0009243488311767578,0.00390625,150.76171875,2025-07-27 08:19:11.447454
backtest,0.0008101463317871094,0.0,150.76171875,2025-07-27 08:19:11.465745
backtest,0.001096963882446289,0.0,150.76171875,2025-07-27 08:19:11.495651
backtest,0.0011374950408935547,0.00390625,150.765625,2025-07-27 08:19:11.515019
backtest,0.0009613037109375,0.0,150.765625,2025-07-27 08:19:11.535348
backtest,0.0010907649993896484,0.0,150.765625,2025-07-27 08:19:11.555633
backtest,0.0015544891357421875,0.00390625,150.76953125,2025-07-27 08:19:11.578944
backtest,0.0008673667907714844,0.00390625,150.77734375,2025-07-27 08:19:11.598158
backtest,0.0009267330169677734,0.0,150.78515625,2025-07-27 08:19:11.616967
backtest,0.002741575241088867,0.0,150.78515625,2025-07-27 08:19:11.638023
backtest,0.0008223056793212891,0.00390625,150.7890625,2025-07-27 08:19:11.667840
backtest,0.003806591033935547,0.00390625,150.8125,2025-07-27 08:19:13.675901
backtest,0.0010013580322265625,0.0,150.8125,2025-07-27 08:19:13.695556
backtest,0.0009160041809082031,0.00390625,150.828125,2025-07-27 08:19:13.715243
backtest,0.0024750232696533203,0.0,150.84765625,2025-07-27 08:19:13.738448
backtest,0.001451253890991211,0.00390625,150.8515625,2025-07-27 08:19:13.762671
backtest,0.001397848129272461,0.0,150.8515625,2025-07-27 08:19:13.781928
backtest,0.002519845962524414,0.00390625,150.85546875,2025-07-27 08:19:13.803704
backtest,0.001085042953491211,0.00390625,150.86328125,2025-07-27 08:19:13.828465
backtest,0.0012731552124023438,0.0,150.89453125,2025-07-27 08:19:13.850374
backtest,0.001741647720336914,0.0,150.89453125,2025-07-27 08:19:13.880243
backtest,0.0012776851654052734,0.00390625,150.8984375,2025-07-27 08:19:13.902547
backtest,0.0015764236450195312,0.0,150.8984375,2025-07-27 08:19:13.932560
backtest,0.0014030933380126953,0.00390625,150.91015625,2025-07-27 08:19:15.970777
backtest,0.0013856887817382812,0.0,150.921875,2025-07-27 08:19:15.998687
backtest,0.0018765926361083984,0.00390625,150.92578125,2025-07-27 08:19:16.021292
backtest,0.000896453857421875,0.0,150.92578125,2025-07-27 08:19:16.048265
backtest,0.0011565685272216797,0.00390625,150.93359375,2025-07-27 08:19:16.081270
backtest,0.0015108585357666016,0.00390625,150.94921875,2025-07-27 08:19:16.105533
backtest,0.0023086071014404297,0.0,150.97265625,2025-07-27 08:19:16.148743
backtest,0.0016679763793945312,0.0,150.98046875,2025-07-27 08:19:16.195978
backtest,0.0020852088928222656,0.00390625,150.984375,2025-07-27 08:19:16.241559
backtest,0.001995086669921875,0.00390625,150.98828125,2025-07-27 08:19:16.282634
backtest,0.0025196075439453125,0.00390625,151.015625,2025-07-27 08:19:16.341829
backtest,0.0023055076599121094,0.0,151.05078125,2025-07-27 08:19:16.384361
backtest,0.0028192996978759766,0.0,151.05078125,2025-07-27 08:19:16.428852
backtest,0.003480672836303711,0.00390625,151.0546875,2025-07-27 08:19:16.471900
backtest,0.00218963623046875,0.0,151.0546875,2025-07-27 08:19:16.533586
backtest,0.003490447998046875,0.00390625,151.0859375,2025-07-27 08:19:16.575632
backtest,0.0014584064483642578,0.0,151.12890625,2025-07-27 08:19:16.663018
backtest,0.008466005325317383,0.0,151.12890625,2025-07-27 08:19:16.715426
backtest,0.0016810894012451172,0.00390625,151.1328125,2025-07-27 08:19:16.753643
backtest,0.0013422966003417969,0.01171875,151.1484375,2025-07-27 08:19:16.798223
backtest,0.002839326858520508,0.0,151.21484375,2025-07-27 08:19:18.740573
backtest,0.0011181831359863281,0.0,151.21484375,2025-07-27 08:19:18.761501
backtest,0.0008034706115722656,0.0,151.21484375,2025-07-27 08:19:18.781299
backtest,0.002777099609375,0.00390625,151.21875,2025-07-27 08:19:18.803914
backtest,0.0020008087158203125,0.0,151.21875,2025-07-27 08:19:18.827500
backtest,0.0010268688201904297,0.0,151.21875,2025-07-27 08:19:18.846833
backtest,0.0008616447448730469,0.00390625,151.22265625,2025-07-27 08:19:18.865217
backtest,0.0011036396026611328,0.0,151.22265625,2025-07-27 08:19:18.894685
backtest,0.000972747802734375,0.0,151.2265625,2025-07-27 08:19:18.913768
backtest,0.0026786327362060547,0.0,151.2265625,2025-07-27 08:19:18.941234
backtest,0.0009469985961914062,0.0,151.2265625,2025-07-27 08:19:18.966166
backtest,0.0010945796966552734,0.0,151.2265625,2025-07-27 08:19:18.993050
backtest,0.0011129379272460938,0.0,151.2265625,2025-07-27 08:19:19.011204
backtest,0.0011234283447265625,0.00390625,151.23046875,2025-07-27 08:19:19.029924
backtest,0.0012464523315429688,0.0,151.234375,2025-07-27 08:19:19.048245
backtest,0.0032622814178466797,0.0,151.234375,2025-07-27 08:19:19.090595
backtest,0.004578113555908203,0.0,151.23828125,2025-07-27 08:19:19.148512
backtest,0.0019636154174804688,0.0,151.23828125,2025-07-27 08:19:19.182113
backtest,0.0021924972534179688,0.0,151.2421875,2025-07-27 08:19:19.223145
backtest,0.003352642059326172,0.0,151.2421875,2025-07-27 08:19:19.264960
backtest,0.003023862838745117,0.0,151.2421875,2025-07-27 08:19:19.302604
backtest,0.0013554096221923828,0.0,151.2578125,2025-07-27 08:19:21.731546
backtest,0.0015501976013183594,0.00390625,151.26171875,2025-07-27 08:19:21.763022
backtest,0.003462553024291992,0.0,151.26171875,2025-07-27 08:19:21.792221
backtest,0.0012807846069335938,0.0,151.26171875,2025-07-27 08:19:21.812812
backtest,0.0020627975463867188,0.0,151.26171875,2025-07-27 08:19:21.832590
backtest,0.0009260177612304688,0.0,151.265625,2025-07-27 08:19:21.859759
backtest,0.0013377666473388672,0.0,151.265625,2025-07-27 08:19:21.879347
backtest,0.0024678707122802734,0.0,151.26953125,2025-07-27 08:19:21.902242
backtest,0.0021414756774902344,0.00390625,151.27734375,2025-07-27 08:19:21.931156
backtest,0.0016968250274658203,0.0,151.27734375,2025-07-27 08:19:21.967064
backtest,0.0011780261993408203,0.0,151.27734375,2025-07-27 08:19:21.999714
backtest,0.0019965171813964844,0.00390625,151.28125,2025-07-27 08:19:22.031764
backtest,0.0021910667419433594,0.0,151.28125,2025-07-27 08:19:22.073849
backtest,0.0019307136535644531,0.00390625,151.28515625,2025-07-27 08:19:22.115318
backtest,0.0035390853881835938,0.0,151.28515625,2025-07-27 08:19:22.155606
backtest,0.0009577274322509766,0.00390625,151.56640625,2025-07-27 08:19:23.930623
backtest,0.0007493495941162109,0.0,151.56640625,2025-07-27 08:19:23.949577
backtest,0.0012307167053222656,0.00390625,151.57421875,2025-07-27 08:19:23.971403
backtest,0.0012371540069580078,0.0,151.578125,2025-07-27 08:19:23.994733
backtest,0.00081634521484375,0.0,151.578125,2025-07-27 08:19:24.014002
backtest,0.0013794898986816406,0.0,151.578125,2025-07-27 08:19:24.034117
backtest,0.003029346466064453,0.0,151.578125,2025-07-27 08:19:24.057393
backtest,0.0016720294952392578,0.0078125,151.5859375,2025-07-27 08:19:24.086749
backtest,0.0009653568267822266,0.00390625,151.59375,2025-07-27 08:19:24.110467
backtest,0.0009584426879882812,0.0,151.6015625,2025-07-27 08:19:24.129532
backtest,0.0008165836334228516,0.0,151.60546875,2025-07-27 08:19:24.147995
backtest,0.0009305477142333984,0.00390625,151.62890625,2025-07-27 08:19:26.294609
backtest,0.0009760856628417969,0.0,151.62890625,2025-07-27 08:19:26.313543
backtest,0.000965118408203125,0.00390625,151.6328125,2025-07-27 08:19:26.333289
backtest,0.0016429424285888672,0.00390625,151.65625,2025-07-27 08:19:26.359937
backtest,0.0011658668518066406,0.00390625,151.66015625,2025-07-27 08:19:26.378699
backtest,0.0008769035339355469,0.00390625,151.6640625,2025-07-27 08:19:26.398715
backtest,0.0011370182037353516,0.0,151.66796875,2025-07-27 08:19:26.428745
backtest,0.0012040138244628906,0.00390625,151.69140625,2025-07-27 08:19:26.461534
backtest,0.0008494853973388672,0.0,151.73046875,2025-07-27 08:19:26.481122
backtest,0.003210783004760742,0.0,151.75390625,2025-07-27 08:19:28.603559
backtest,0.0010399818420410156,0.0,151.75390625,2025-07-27 08:19:28.628271
backtest,0.0034635066986083984,0.00390625,151.7578125,2025-07-27 08:19:28.653461
backtest,0.0009415149688720703,0.00390625,151.7734375,2025-07-27 08:19:28.682202
backtest,0.004363059997558594,0.0,151.8125,2025-07-27 08:19:28.707661
backtest,0.0010559558868408203,0.0,151.8125,2025-07-27 08:19:28.726860
backtest,0.0008692741394042969,0.0,151.8125,2025-07-27 08:19:28.746155
backtest,0.003920078277587891,0.00390625,151.81640625,2025-07-27 08:19:28.770124
backtest,0.0011780261993408203,0.0,151.81640625,2025-07-27 08:19:28.793193
backtest,0.0008819103240966797,0.0,151.81640625,2025-07-27 08:19:28.813607
backtest,0.0020766258239746094,0.0,151.81640625,2025-07-27 08:19:28.838257
backtest,0.0013413429260253906,0.0,151.81640625,2025-07-27 08:19:28.861042
backtest,0.0008237361907958984,0.0,151.81640625,2025-07-27 08:19:28.879944
backtest,0.0023720264434814453,0.0,151.81640625,2025-07-27 08:19:28.901552
backtest,0.0009920597076416016,0.0,151.8203125,2025-07-27 08:19:28.926447
backtest,0.0009779930114746094,0.0,151.82421875,2025-07-27 08:19:28.946832
backtest,0.0020170211791992188,0.0,151.82421875,2025-07-27 08:19:28.970146
backtest,0.0019030570983886719,0.0,151.82421875,2025-07-27 08:19:28.993615
backtest,0.0008404254913330078,0.00390625,151.83203125,2025-07-27 08:19:29.013666
backtest,0.002347230911254883,0.0,151.83203125,2025-07-27 08:19:29.034858
backtest,0.0014414787292480469,0.0,151.83984375,2025-07-27 08:19:29.059670
backtest,0.0011529922485351562,0.00390625,151.84375,2025-07-27 08:19:29.078137
backtest,0.0008106231689453125,0.0,151.84375,2025-07-27 08:19:29.097142
backtest,0.0017898082733154297,0.00390625,151.84765625,2025-07-27 08:19:29.121494
